END-PLACA,MAP,CUSTOM_LABEL
M1-001,1,N1-L01-1-DF-CORR FRENTE S PRIMA PR-TE-PE
M1-002,1,N1-L01-002-MZ-LOJA 011-TE--PE
M1-003,1,N1-L01-003-DF-ALIMENT LADO TERRA-TE-PE
M1-004,1,N1-L01-004-DF-ALIMENT LADO TERRA-TE-PE
M1-005,1,N1-L01-005-DF-SAGUAO DESEMB-TE-PE
M1-006,1,UNUSED
M1-007,1,N1-L01-007-DF-CIRCULACAO DESEMB-TE-PE
M1-008,1,N1-L01-008-DF-CIRCULACAO DESEMB-TE-PE
M1-009,1,N1-L01-009-DF-CIRCULACAO DESEMB-TE-PE
M1-010,1,N1-L01-010-DF-CIRCULACAO DESEMB-TE-PE
M1-011,1,N1-L01-011-DF-SAGUAO DESEMB -TE-PE
M1-012,1,N1-L01-012-DF-ALIMENT LADO TERRA-TE-PE
M1-013,1,N1-L01-013-MZ-ALIMENT LADO TERRA-TE-PE
M1-014,1,N1-L01-014-AM-CIRCULACAO DESEMB-TE-PE
M1-015,1,N1-L01-015-DF-CIRCULACAO DESEMB-TE-PE
M1-016,1,N1-L01-016-DF-WC FEM-TE-PE
M1-017,1,N1-L01-017-DF-WC FEM DEFIC-TE-PE
M1-018,1,N1-L01-018-DF-FRALDARIO-TE-PE
M1-019,1,N1-L01-019-DF-WC MAS DEFIC-TE-PE
M1-020,1,N1-L01-020-DF-BALCAO REST BAG-TE-PE
M1-021,1,N1-L01-021-DF-POLICIA MILITAR-TE-PE
M1-022,1,N1-L01-022-DF-CIRCULACAO WC-TE-PE
M1-023,1,N1-L01-023-DF-CIRCULACAO WC-TE-PE
M1-024,1,N1-L01-024-MR-ESC ROLANTE-TE-PE
M1-025,1,N1-L01-025-MR-ESC ROLANTE-TE-PE
M1-026,1,N1-L01-026-DF-ESC ROLANTE-TE-PE
M1-027,1,N1-L01-027-MZ-LOJA 005-TE-PE
M1-028,1,N1-L01-028-DF-BALCAO REST BAG-TE-PE
M1-029,1,N1-L01-029-DF- REST BAG-TE-PE
M1-030,1,N1-L01-030-DF-PM DORM -TE-PE
M1-031,1,N1-L01-031-DF-POLICIA MILITAR-TE-PE
M1-032,1,N1-L01-032-MZ-X-TE-PE
M1-033,1,N1-L01-033-DF-WC-POLICIA MILITAR-TE-PE
M1-034,1,N1-L01-034-DF-WC-POLICIA MILITAR-TE-PE
M1-035,1,N1-L01-035-DF-POLICIA MILITAR-TE-PE
M1-036,1,N1-L01-036-DF-POLICIA MILITAR-TE-PE
M1-037,1,N1-L01-037-DF-POLICIA MILITAR-TE-PE
M1-038,1,N1-L01-038-DF-POLICIA MILITAR-TE-PE
M1-039,1,N1-L01-039-DF-POLICIA MILITAR-TE-PE
M1-040,1,N1-L01-040-DF-POLICIA MILITAR-TE-PE
M1-041,1,N1-L01-041-DF-POLICIA MILITAR-TE-PE
M1-042,1,N1-L01-042-DF-POLICIA MILITAR-TE-PE
M1-043,1,N1-L01-043-DF-POLICIA MILITAR-TE-PE
M1-044,1,UNUSED
M1-045,1,UNUSED
M1-046,1,N1-L01-046-DF-POLICIA MILITAR-TE-PE
M1-047,1,N1-L01-047-DF-POLICIA MILITAR-TE-PE
M1-048,1,N1-L01-048-DF-POLICIA MILITAR-TE-PE
M1-049,1,N1-L01-049-DF-POLICIA MILITAR-TE-PE
M1-050,1,N1-L01-050-DF-POLICIA MILITAR-TE-PE
M1-051,1,N1-L01-051-DF-POLICIA MILITAR-TE-PE
M1-052,1,N1-L01-052-DF-WC FEM-ENFERMARIA-TE-PE
M1-053,1,N1-L01-053-DF-WC MAS-ENFERMARIA-TE-PE
M1-054,1,UNUSED
M1-055,1,N1-L01-055-DF-POLICIA MILITAR-TE-PE
M1-056,1,N1-L01-056-DF-CIRCULACAO-TE-PE
M1-057,1,N1-L01-057-DF-CIRCULACAO-TE-PE
M1-058,1,N1-L01-058-DF-CIRCULACAO-TE-PE
M1-059,1,N1-L01-059-DF-CIRCULACAO-TE-PE
M1-060,1,N1-L01-060-DF-CIRCULACAO-TE-PE
M1-061,1,N1-L01-61-ALARME FM 200 S PRIMARIA-TE-PE
M1-062,1,N1-L01-062-DF-SALA PRIMARIA-TE-PE
M1-063,1,N1-L01-63-MZ-TE-PE
M1-064,1,N1-L01-64-AM-CORREDOR- SAIDA EMERG-TE-PE
M1-065,1,N1-L01-65-DF-CORREDOR SAIDA EMERG-TE-PE
M1-066,1,UNUSED
M1-067,1,N1-L01-067-DF-CASA MAQUINAS-TE-PE
M1-068,1,N1-L01-068-DF-SALA TECNICA 03-TE-PE
M1-069,1,N1-L01-069-DF-EF-SALA TECNICA 03-TE-PE
M1-070,1,UNUSED
M1-071,1,N1-L01-069-DF-EP-SALA TECNICA 03-TE-PE
M1-072,1,UNUSED
M1-073,1,UNUSED
M1-074,1,N1-L01-074-DF-EF-SALA TECNICA 01-TE-PE
M1-075,1,N1-L01-075-DF-SALA TECNICA 01-TE-PE
M1-076,1,N1-L01-076-MZ-DESEMBARQUE-TE-PE
M1-077,1,N1-L01-077-AM-REST BAGAGEM-TE-PE
M1-078,1,N1-L01-078-DF-S TEC ELT PRIMARY -TE-PE
M1-079,1,N1-L01-79-DF-EF-S TEC ELT PRIMARY -TE-PE
M1-080,1,N1-L01-080-AM-REST BAGAGEM-TE-PE
M1-081,1,N1-L01-081-DF-SALA TECNICA 02-TE-PE
M1-082,1,N1-L01-082-DF-EF-SALA TECNICA 02-TE-PE
M1-083,1,N1-L01-083-AM-BHS001-TE-PE
M1-084,1,UNUSED
M1-085,1,UNUSED
M1-086,1,N1-L01-086-AM-BHS001-TE-PE
M1-087,1,UNUSED
M1-088,1,UNUSED
M1-089,1,UNUSED
M1-090,1,N1-L01-090-AM-BHS001-TE-PE
M1-091,1,UNUSED
M1-092,1,UNUSED
M1-093,1,UNUSED
M1-094,1,UNUSED
M1-095,1,UNUSED
M1-096,1,N1-L01-096-DF-WC FEM-TE-PE
M1-097,1,UNUSED
M1-098,1,N1-L01-098-MR-ALIMENT LADO TERRA-TE-PE
M1-099,1,N1-L01-099-MZ-ALIMENT LADO TERRA-TE-PE
M1-100,1,N1-L01-100-MZ-ALIMENT LADO TERRA-TE-PE
M1-101,1,N1-L01-101-DF-BHS001-TE-PE
M1-102,1,N1-L01-102-DF-BHS001-TE-PE
M1-103,1,N1-L01-103-DF-BHS001-TE-PE
M1-104,1,N1-L01-104-AM-BHS001-TE-PE
M1-105,1,N1-L01-105-DF-BHS001-TE-PE
M1-106,1,N1-L01-106-DF-BHS001-TE-PE
M1-107,1,UNUSED
M1-108,1,N1-L01-108-DF-BHS001-TE-PE
M1-109,1,N1-L01-109-AM-BHS001-TE-PE
M1-110,1,N1-L01-110-DF-BHS001-TE-PE
M1-111,1,N1-L01-111-DF-BHS001-TE-PE
M1-112,1,N1-L01-112-AM-BHS001-TE-PE
M1-113,1,N1-L01-113-DF-REST BAGAGEM-TE-PE
M1-114,1,UNUSED
M1-115,1,N1-L01-115-AM-REST BAGAGEM-TE-PE
M1-116,1,N1-L01-116-AM-REST BAGAGEM-TE-PE
M1-117,1,N1-L01-117-DF-REST BAGAGEM-TE-PE
M1-118,1,N1-L01-118-AM-REST BAGAGEM-TE-PE
M1-119,1,N1-L01-119-DF-REST BAGAGEM-TE-PE
M1-120,1,UNUSED
M1-121,1,UNUSED
M1-122,1,UNUSED
M1-123,1,N1-L01-123-DF-WC MAS-TE-PE
M1-124,1,N1-L01-124-DF-WC MAS-TE-PE
M1-125,1,N1-L01-125-DF-WC MAS DEF-TE-PE
M1-126,1,UNUSED
M1-127,1,N1-L01-127-DF-WC HALL-TE-PE
M1-128,1,N1-L01-128-DF-WC FEM-TE-PE
M1-129,1,N1-L01-129-DF-WC DEF-TE-PE
M1-130,1,N1-L01-130-DF-SL DISPONIVEL-TE-PE
M1-131,1,N1-L01-131-DF-WC FEM-TE-PE
M1-132,1,N1-L01-132-DF-CARRINHOS DE BAG-TE-PE
M1-133,1,N1-L01-133-DF-CARRINHOS DE BAG-TE-PE
M1-134,1,N1-L01-134-DF-REST BAGAGEM-TE-PE
M1-135,1,N1-L01-135-DF-REST BAGAGEM-TE-PE
M1-136,1,N1-L01-136-DF-REST BAGAGEM-TE-PE
M1-137,1,N1-L01-137-DF-REST BAGAGEM-TE-PE
M1-138,1,N1-L01-138-DF-REST BAGAGEM-TE-PE
M1-139,1,N1-L01-139-DF-REST BAGAGEM-TE-PE
M1-140,1,N1-L01-140-DF-REST BAGAGEM-TE-PE
M1-141,1,N1-L01-141-DF-DESEMB DOMESTICO-TE-PE
M1-142,1,UNUSED
M1-143,1,N1-L01-143-DF-SL RECONCILIACAO-TE-PE
M1-144,1,N1-L01-144-DF-CORREDOR-TE-PE
M1-145,1,N1-L01-145-DF-SL TECNICA-TE-PE
M1-146,1,N1-L01-146-DF-X-TE-PE
M1-147,1,N1-L01-147-DF-DISPONIVEL-TE-PE
M1-148,1,UNUSED
M1-149,1,N1-L01-149-DF-RAMPA-TE-PE
M1-150,1,N1-L01-150-DF-AREA TECNICA-TE-PE
M1-151,1,N1-L01-151-DF-WC SL RECONCILIACAO-TE-PE
M1-152,1,N1-L01-152-DF- REST BAGAGEM DOMEST-TE-PE
M1-153,1,N1-L01-153-DF-SL RECONCILIACAO-TE-PE
M1-154,1,N1-L01-154-DF-CORREDOR-TE-PE
M1-155,1,N1-L01-155-DF-SL TECNICA-TE-PE
M1-156,1,N1-L01-156-DF-SALA AV 006-TE-PE
M1-157,1,N1-L01-157-DF-ESCADA ROL-TE-PE
M1-158,1,N1-L01-158-MR-ESCADA ROL-TE-PE
M1-159,1,N1-L01-159-MR-ESCADA ROL-TE-PE
M1-160,1,N1-L01-160-DF-BHS001-TE-PE
M1-161,1,N1-L01-161-DF-BHS001-TE-PE
M1-162,1,N1-L01-162-MI-BHS001-TE-PE
M1-163,1,N1-L01-163-DF-SALA AR CONDIC SM111-TE-PE
M1-164,1,N1-L01-164-DF-BHS001-TE-PE
M1-165,1,N1-L01-165-DF-BHS001-TE-PE
M1-166,1,N1-L01-166-DF-BHS001-TE-PE
M1-167,1,N1-L01-167-DF-WC FEM-TE-PE
M1-168,1,N1-L01-168-DF-WC-TE-PE
M1-169,1,N1-L01-169-DF-WC PNE FEM-TE-PE
M1-170,1,N1-L01-170-DF-WC-TE-PE
M1-171,1,N1-L01-171-MZ-X-TE-PE
M1-172,1,N1-L01-172-DF-SL TEC ELT 06-TE-PE
M1-173,1,N1-L01-173-DF-SCADA 001-TE-PE
M1-174,1,N1-L01-174-DF-SCADA 001-TE-PE
M1-175,1,N1-L01-175-DF-SL TECNICA 10-TE-PE
M1-176,1,N1-L01-176-DF-SL TECNICA-TE-PE
M1-177,1,UNUSED
M1-178,1,N1-L01-178-DF-WC-TE-PE
M1-179,1,N1-L01-179-DF-DESEMB INT-TE-PE
M1-180,1,N1-L01-180-DF-WC DEF-TE-PE
M1-181,1,N1-L01-181-DF-WC MAS-TE-PE
M1-182,1,N1-L01-182-DF-WC FEM-TE-PE
M1-183,1,N1-L01-183-DF-WC FEM-TE-PE
M1-184,1,N1-L01-184-DF-WC DEF-TE-PE
M1-185,1,N1-L01-185-DF-DESEMB INT-TE-PE
M1-186,1,N1-L01-186-DF-SL TEC ELT 06-TE-PE
M1-187,1,N1-L01-187-AM-AREA DESEM INTER-TE-PE
M1-188,1,N1-L01-188-DF-DESEMB INT REMOTO-TE-PE
M1-189,1,N1-L01-189-DF-FILAS IMIGRACAO-TE-PE
M1-190,1,N1-L01-190-DF- CIRC IMIGRACAO-TE-PE
M1-191,1,N1-L01-191-DF-CIRC IMIGRACAO-TE-PE
M1-192,1,N1-L01-192-DF-CIRC IMIGRACAO-TE-PE
M1-193,1,N1-L01-193-DF-CIRC IMIGRACAO-TE-PE
M1-194,1,N1-L01-194-DF-CIRC IMIGRACAO-TE-PE
M1-195,1,N1-L01-195-DF-CIRC IMIGRACAO-TE-PE
M1-196,1,N1-L01-196-DF-SL POL FEDERAL-TE-PE
M1-197,1,N1-L01-197-DF-SL POL FEDERAL-TE-PE
M1-198,1,N1-L01-198-DF-SL TEC ELT 05-TE-PE
M1-199,1,N1-L01-199-DF-SL POL FEDERAL-TE-PE
M1-200,1,N1-L01-200-DF-RECEPCAO-TE-PE
M1-201,1,N1-L01-201-DF-RECEPCAO-TE-PE
M1-202,1,N1-L01-202-DF-DESEMB INT-TE-PE
M1-203,1,N1-L01-203-DF-SL DE SEGURANCA-TE-PE
M1-204,1,N1-L01-204-DF-LOJA DESEMB-TE-PE
M1-205,1,N1-L01-205-DF-BANHEIRO POL FED-TE-PE
M1-206,1,N1-L01-206-DF-BANHEIRO POL FED-TE-PE
M1-207,1,N1-L01-207-DF-BANHEIRO POL FED-TE-PE
M1-208,1,N1-L01-208-DF-BANHEIRO POL FED-TE-PE
M1-209,1,N1-L01-209-DF-BANHEIRO POL FED-TE-PE
M1-210,1,N1-L01-210-DF-BANHEIRO POL FED-TE-PE
M1-211,1,N1-L01-211-DF-CIRCULACAO-TE-PE
M1-212,1,N1-L01-212-DF-CIRCULACAO-TE-PE
M1-213,1,N1-L01-213-DF-BANHEIRO-TE-PE
M1-214,1,N1-L01-214-DF-BANHEIRO-TE-PE
M1-215,1,N1-L01-215-DF-BANHEIRO-TE-PE
M1-216,1,N1-L01-216-DF-CORRREDOR POL FED-TE-PE
M1-217,1,N1-L01-217-DF-CORRREDOR POL FED-TE-PE
M1-218,1,N1-L01-218-DF-BANHEIRO-TE-PE
M1-219,1,N1-L01-219-DF-BANHEIRO-TE-PE
M1-220,1,N1-L01-220-DF-X-TE-PE
M1-221,1,N1-L01-221-DF-DESEMB INTERNACIONAL-TE-PE
M1-222,1,N1-L01-222-DF-DESEMB INTERNACIONAL-TE-PE
M1-223,1,N1-L01-223-DF-DESEMB INTERNACIONAL-TE-PE
M1-224,1,N1-L01-224-DF-DESEMB INTERNACIONAL-TE-PE
M1-225,1,N1-L01-225-DF-DESEMB INTERNACIONAL-TE-PE
M1-226,1,N1-L01-226-DF-DESEMB INTERNACIONAL-TE-PE
M1-227,1,N1-L01-227-DF-DESEMB INTERNACIONAL-TE-PE
M1-228,1,N1-L01-228-DF-DESEMB INTERNACIONAL-TE-PE
M1-229,1,N1-L01-229-DF-DESEMB INTERNACIONAL-TE-PE
M1-230,1,N1-L01-230-DF-DESEMB INTERNACIONAL-TE-PE
M1-231,1,N1-L01-231-DF-DESEMB INTERNACIONAL-TE-PE
M1-232,1,N1-L01-232-DF-DESEMB INTERNACIONAL-TE-PE
M1-233,1,N1-L01-233-DF-DESEMB INTERNACIONAL-TE-PE
M1-234,1,N1-L01-234-MR-CIRC IMIGRACAO-TE-PE
M1-235,1,UNUSED
M1-236,1,N1-L01-236-DF-BANHEIRO-TE-PE
M1-237,1,N1-L01-237-DF-BANHEIRO-TE-PE
M1-238,1,N1-L01-238-DF-BANHEIRO-TE-PE
M1-239,1,UNUSED
M1-240,1,N1-L01-240-DF-BHS001-TE-PE
M1-241,1,N1-L01-141-DF-BHS001-TE-PE
M1-242,1,N1-L01-242-DF-WC MAS-TE-PE
M1-243,1,N1-L01-243-DF-WC MAS-TE-PE
M1-244,1,N1-L01-244-DF-WC FEM-TE-PE
M1-245,1,UNUSED
M1-246,1,UNUSED
M1-247,1,UNUSED
M1-248,1,N1-L01-248-DF-SALA PRIMARIA-TE-PE
M1-249,1,N1-L01-249-DF-SALA PRIMARIA-TE-PE
M1-250,1,N1-L01-250-DF-SALA PRIMARIA-TE-PE
M2-001,2,N1-L02-001-DF-SL DESEMB DOMESTICO-TE-PE
M2-002,2,N1-L02-002-DF-SL DESEMB DOMESTICO-TE-PE
M2-003,2,N1-L02-003-DF-SL DESEMB DOMESTICO-TE-PE
M2-004,2,N1-L02-004-DF-SL DESEMB DOMESTICO-TE-PE
M2-005,2,N1-L02-005-DF-SL DESEMB DOMESTICO-TE-PE
M2-006,2,N1-L02-006-DF-SL DESEMB DOMESTICO-TE-PE
M2-007,2,N1-L02-007-DF-SL DESEMB DOMESTICO-TE-PE
M2-008,2,N1-L02-008-DF-SL REVERSIVEL-TE-PE
M2-009,2,N1-L02-009-DF-SL REVERSIVEL-TE-PE
M2-010,2,N1-L02-010-DF-SL REVERSIVEL-TE-PE
M2-011,2,N1-L02-011-DF-SL REVERSIVEL-TE-PE
M2-012,2,N1-L02-012-DF-SL POLICIA FEDERAL-TE-PE
M2-013,2,N1-L02-013-DF-SL DESEMB INTER-TE-PE
M2-014,2,N1-L02-014-DF-SL DESEMB INTER-TE-PE
M2-015,2,N1-L02-015-AM-SL DESEMB INTER-TE-PE
M2-016,2,N1-L02-016-DF-SL TECNICA-TE-PE
M2-017,2,N1-L02-017-DF-SL TECNICA-TE-PE
M2-018,2,N1-L02-018-DF-SL APOIO-TE-PE
M2-019,2,N1-L02-019-DF-SL APOIO-TE-PE
M2-020,2,N1-L02-020-DF-WC004-TE-PE
M2-021,2,N1-L02-021-DF-WC004-TE-PE
M2-022,2,N1-L02-022-DF-WC004-TE-PE
M2-023,2,N1-L02-023-DF-WC004-TE-PE
M2-024,2,N1-L02-024-DF-DFR001-TE-PE
M2-025,2,N1-L02-025-DF-WC004-TE-PE
M2-026,2,N1-L02-026-MZ-TE-PE
M2-027,2,N1-L02-027-DF-ESC LINHA AEREAS-TE-PE
M2-028,2,N1-L02-028-DF-ESC LINHA AEREAS-TE-PE
M2-029,2,N1-L02-029-DF-SL TECNICA-TE-PE
M2-030,2,N1-L02-030-DF-SL TECNICA-TE-PE
M2-031,2,N1-L02-031-DF-SL TECNICA-TE-PE
M2-032,2,N1-L02-32-MZ-DESEMBARQUE-TE-PE
M2-033,2,N1-L02-033-MZ-LOJA DFR 001-TE-PE
M2-034,2,N1-L02-034-DF-ADUANA-TE-PE
M2-035,2,N1-L02-035-DF-ADUANA-TE-PE
M2-036,2,N1-L02-036-DF-ADUANA-TE-PE
M2-037,2,N1-L02-037-DF-ADUANA-TE-PE
M2-038,2,N1-L02-038-DF-ADUANA-TE-PE
M2-039,2,N1-L02-039-DF-ADUANA-TE-PE
M2-040,2,N1-L02-040-DF-ADUANA-TE-PE
M2-041,2,N1-L02-041-DF-ADUANA-TE-PE
M2-042,2,N1-L02-042-DF-FILAS ADUANA-TE-PE
M2-043,2,N1-L02-043-DF-FILAS ADUANA-TE-PE
M2-044,2,N1-L02-044-DF-SL DESEMB INTER-TE-PE
M2-045,2,N1-L02-045-DF-SL DESEMB INTER-TE-PE
M2-046,2,N1-L02-046-DF-SL DESEMB INTER-TE-PE
M2-047,2,N1-L02-047-DF-CARRINHO DE BAGAGEM-TE-PE
M2-048,2,N1-L02-048-DF-COMPANHIA AER-TE-PE
M2-049,2,N1-L02-049-DF-COMPANHIA AER-TE-PE
M2-050,2,N1-L02-050-DF-COMPANHIA AER-TE-PE
M2-051,2,N1-L02-051-DF-COMPANHIA AER-TE-PE
M2-052,2,N1-L02-052-DF-COMPANHIA AER-TE-PE
M2-053,2,N1-L02-053-DF-COMPANHIA AER-TE-PE
M2-054,2,N1-L02-054-AM-COMPANHIA AER-TE-PE
M2-055,2,N1-L02-055-DF-SL REVERSIVEL-TE-PE
M2-056,2,N1-L02-056-DF-WC MASCULINO-TE-PE
M2-057,2,N1-L02-057-DF-SL TECNICA-TE-PE
M2-058,2,N1-L02-058-DF-SL TECNICA-TE-PE
M2-059,2,N1-L02-059-DF-CORREDOR DE BAGAGEM-TE-PE
M2-060,2,N1-L02-060-DF-CORREDOR DE BAGAGEM-TE-PE
M2-061,2,N1-L02-061-DF-EMBARQUE ARMADO-TE-PE
M2-062,2,N1-L02-062-DF-EMBARQUE ARMADO-TE-PE
M2-063,2,N1-L02-063-DF-WC-TE-PE
M2-064,2,N1-L02-064-DF-WC-TE-PE
M2-065,2,N1-L02-065-DF-WC-TE-PE
M2-066,2,N1-L02-066-DF-WC-TE-PE
M2-067,2,N1-L02-067-DF-WC-TE-PE
M2-068,2,N1-L02-068-DF-WC-TE-PE
M2-069,2,N1-L02-069-DF-SL REC FEDERAL-TE-PE
M2-070,2,N1-L02-070-DF-SL REC FEDERAL-TE-PE
M2-071,2,N1-L02-071-DF-WC-TE-PE
M2-072,2,N1-L02-072-DF-WC-TE-PE
M2-073,2,N1-L02-073-DF-SL DISPONIVEL-TE-PE
M2-074,2,N1-L02-074-DF-SL DISPONIVEL-TE-PE
M2-075,2,N1-L02-075-DF-SL DISPONIVEL-TE-PE
M2-076,2,N1-L02-076-DF-SL DISPONIVEL-TE-PE
M2-077,2,N1-L02-077-DF-CORREDOR REC FEDERAL-TE-PE
M2-078,2,N1-L02-078-DF-CORREDOR REC FEDERAL-TE-PE
M2-079,2,N1-L02-079-DF-SL REC FEDERAL-TE-PE
M2-080,2,N1-L02-080-DF-SL REC FEDERAL-TE-PE
M2-081,2,N1-L02-081-DF-CORREDOR DE BAGAGEM-TE-PE
M2-082,2,N1-L02-082-DF-CORREDOR DE BAGAGEM-TE-PE
M2-083,2,N1-L02-083-DF-SL REC FEDERAL-TE-PE
M2-084,2,N1-L02-084-DF-SL REC FEDERAL-TE-PE
M2-085,2,N1-L02-085-DF-SL REC FEDERAL-TE-PE
M2-086,2,N1-L02-086-DF-SL REC FEDERAL-TE-PE
M2-087,2,N1-L02-087-DF-SL REC FEDERAL-TE-PE
M2-088,2,N1-L02-088-DF-SL REC FEDERAL-TE-PE
M2-089,2,N1-L02-089-DF-SL REC FEDERAL-TE-PE
M2-090,2,N1-L02-090-DF-SL REC FEDERAL-TE-PE
M2-091,2,N1-L02-091-DF-SL REC FEDERAL-TE-PE
M2-092,2,N1-L02-092-DF-LOJAS DESEMB LT-TE-PE
M2-093,2,N1-L02-093-DF-LOJAS DESEMB LT-TE-PE
M2-094,2,N1-L02-094-DF-LOJAS DESEMB LT-TE-PE
M2-095,2,N1-L02-095-DF-LOJAS DESEMB LT-TE-PE
M2-096,2,N1-L02-096-DF-LOJAS DESEMB LT-TE-PE
M2-097,2,N1-L02-097-DF-SL TEC105-TE-PE
M2-098,2,N1-L02-098-MZ-RLS 001-TE-PE
M2-099,2,N1-L02-099-DF-WC001-TE-PE
M2-100,2,N1-L02-100-DF-WC001-TE-PE
M2-101,2,N1-L02-101-DF-WC001-TE-PE
M2-102,2,N1-L02-102-DF-LOJAS DESEMB LT-TE-PE
M2-103,2,N1-L02-103-DF-CORREDOR BAGAGEM -TE-PE
M2-104,2,N1-L02-104-AM-LOJAS DESEMB LT-TE-PE
M2-105,2,N1-L02-105-DF-CIRCULACAO-TE-PE
M2-106,2,N1-L02-106-DF-X-TE-PE
M2-107,2,N1-L02-107-DF-CIRCULACAO-TE-PE
M2-108,2,N1-L02-108-MR-ESC ROLANTE-TE-PE
M2-109,2,N1-L02-109-DF-ESC ROLANTE-TE-PE
M2-110,2,N1-L02-110-AM-DHP01 SAGUAO EMBARQU-1P-PE
M2-111,2,N1-L02-111-DF-ESC ROLANTE-TE-PE
M2-112,2,N1-L02-112-DF-X-TE-PE
M2-113,2,N1-L02-113-AM- DESEMB LT-TE-PE
M2-114,2,N1-L02-114-DF- DESEMB LT-TE-PE
M2-115,2,N1-L02-115-DF- DESEMB LT-TE-PE
M2-116,2,N1-L02-116-DF- DESEMB LT-TE-PE
M2-117,2,N1-L02-117-AM-SALA TECNICA 105-1P-PE
M2-118,2,N1-L02-118-DF-SALA TECNICA 105-1P-PE
M2-119,2,N1-L02-119-DF-SALA TECNICA 105-1P-PE
M2-120,2,N1-L02-120-DF- DESEMB LT-TE-PE
M2-121,2,N1-L02-121-MZ-LOJA DESEMB LT-TE-PE
M2-122,2,N1-L02-122-AM- DESEMB LT-TE-PE
M2-123,2,N1-L02-123-DF-CORREDOR BAGAGEM -TE-PE
M2-124,2,N1-L02-124-DF- DESEMB LT-TE-PE
M2-125,2,N1-L02-125-DF-DESEMB LT-TE-PE
M2-126,2,N1-L02-126-DF- DESEMB LT-TE-PE
M2-127,2,N1-L02-127-MI-DESEMBARQUE-TE-PE
M2-128,2,N1-L02-128-DF- DESEMB LT-TE-PE
M2-129,2,N1-L02-129-MR-ESC ROLANTE-TE-PE
M2-130,2,N1-L02-130-DF-X-TE-PE
M2-131,2,N1-L02-131-DF-ESC ROLANTE-TE-PE
M2-132,2,N1-L02-132-DF-CIRCULACAO-TE-PE
M2-133,2,N1-L02-133-AM- DESEMB LT-TE-PE
M2-134,2,N1-L02-134-DF-X-TE-PE
M2-135,2,N1-L02-135-DF-WC-TE-PE
M2-136,2,UNUSED
M2-137,2,N1-L02-137-DF-ANVISA-TE-PE
M2-138,2,N1-L02-138-DF-ANVISA-TE-PE
M2-139,2,N1-L02-139-DF-AGM MIN AGRICULTURA-TE-PE
M2-140,2,N1-L02-140-DF-AGM MIN AGRICULTURA-TE-PE
M2-141,2,N1-L02-141-DF-ANAC ATEND PUBLICO-TE-PE
M2-142,2,N1-L02-142-DF-ANAC ATEND PUBLICO-TE-PE
M2-143,2,N1-L02-143-DF-CORREDOR BAGAGEM-TE-PE
M2-144,2,N1-L02-144-DF-CORREDOR BAGAGEM-TE-PE
M2-145,2,N1-L02-145-DF-SL DISPONIVEL-TE-PE
M2-146,2,N1-L02-146-DF-SL DISPONIVEL-TE-PE
M2-147,2,N1-L02-147-DF-RECEPCAO-TE-PE
M2-148,2,N1-L02-148-DF-CORREDOR WC-TE-PE
M2-149,2,N1-L02-149-DF-CORREDOR WC-TE-PE
M2-150,2,N1-L02-150-DF-WC-TE-PE
M2-151,2,N1-L02-151-DF-WC-TE-PE
M2-152,2,N1-L02-152-DF-WC-TE-PE
M2-153,2,N1-L02-153-DF-WC-TE-PE
M2-154,2,N1-L02-154-DF-CORREDOR BAGAGEM-TE-PE
M2-155,2,N1-L02-155-DF-CORREDOR BAGAGEM-TE-PE
M2-156,2,N1-L02-156-DF-AGM MIN AGRICULTURA-TE-PE
M2-157,2,N1-L02-157-DF-AGM MIN AGRICULTURA-TE-PE
M2-158,2,UNUSED
M2-159,2,UNUSED
M2-160,2,N1-L02-160-DF-AGM MIN AGRICULTURA-TE-PE
M2-161,2,N1-L02-161-DF-ESC ANVISA-TE-PE
M2-162,2,N1-L02-162-DF-CORREDOR WC-TE-PE
M2-163,2,N1-L02-163-DF-CORREDOR WC-TE-PE
M2-164,2,N1-L02-164-DF-WC-TE-PE
M2-165,2,N1-L02-165-DF-WC-TE-PE
M2-166,2,N1-L02-166-DF-SALA REVERSIVEL-TE-PE
M2-167,2,N1-L02-167-DF-SL REVERSIVEL-TE-PE
M2-168,2,N1-L02-168-AM-SL REVERSIVEL-TE-PE
M2-169,2,N1-L02-169-DF-LOJA DESEMB LADO AR-TE-PE
M2-170,2,N1-L02-170-DF-LOJA DESEMB LADO AR-TE-PE
M2-171,2,UNUSED
M2-172,2,UNUSED
M2-173,2,N1-L02-173-DF-LOJA DESEMB LT-TE-PE
M2-174,2,N1-L02-174-DF-CIRCULACAO-TE-PE
M2-175,2,N1-L02-175-MZ-LOJA LOJA DESEMB LT-TE-PE
M2-176,2,N1-L02-176-DF-SL DESEMB INTER-TE-PE
M2-177,2,N1-L02-177-MZ-LOJA LOJA DESEMB LT-TE-PE
M2-178,2,N1-L02-178-MZ-LOJA DESEMBAR-TE-PE
M2-179,2,N1-L02-179-MZ-LOJA FLS 004-TE-PE
M2-180,2,UNUSED
M2-181,2,UNUSED
M2-182,2,N1-L02-182-MZ-LOJA-TE-PE
M2-183,2,UNUSED
M2-184,2,N1-L02-184-DF-SL DESEMB DOMESTICO-TE-PE
M2-185,2,N1-L02-185-DF-SL DESEMB DOMESTICO-TE-PE
M2-186,2,N1-L02-186-DF-SL DESEMB DOMESTICO-TE-PE
M2-187,2,N1-L02-187-MZ-DESEMBARQUE-TE-PE
M2-188,2,N1-L02-188-MZ-DESEMBARQUE-TE-PE
M2-189,2,UNUSED
M2-190,2,UNUSED
M2-191,2,N1-L02-191-MZ-LOJA LOJA DESEMB LT-TE-PE
M2-192,2,N1-L02-192-MZ-LOJA LOJA DESEMB LT-TE-PE
M2-193,2,N1-L02-193-MZ-LOJA DESEMBAR RLS 09-TE-PE
M2-194,2,UNUSED
M2-195,2,N1-L02-195-MZ-LOJA-TE-PE
M2-196,2,N1-L02-196-DF-LOJA DESEMB LT-TE-PE
M2-197,2,N1-L02-197-MI-AGM MIN AGRICULTURA-TE-PE
M2-198,2,N1-L02-198-DF-SL AR CONDICIONADO-TE-PE
M2-199,2,N1-L02-199-DF-AREA TECNICA-TE-PE
M2-200,2,N1-L02-200-DF-AREA TECNICA-TE-PE
M2-201,2,N1-L02-201-DF-AREA TECNICA-TE-PE
M2-202,2,N1-L02-202-DF-AREA TECNICA-TE-PE
M2-203,2,N1-L02-203-MZ-AREA TECNICA-TE-PE
M2-204,2,UNUSED
M2-205,2,N1-L02-205-MZ-DESEMBARQUE-TE-PE
M2-206,2,UNUSED
M2-207,2,UNUSED
M2-208,2,N1-L02-208-DF-AREA TECNICA-TE-PE
M2-209,2,N1-L02-209-DF-AREA TECNICA-TE-PE
M2-210,2,UNUSED
M2-211,2,UNUSED
M2-212,2,N1-L02-212-DF-AREA TECNICA-TE-PE
M2-213,2,UNUSED
M2-214,2,UNUSED
M2-215,2,N1-L02-215-DF-TE-PE
M2-216,2,N1-L02-216-DF-TE-PE
M2-217,2,N1-L02-217-DF-TE-PE
M2-218,2,N1-L02-218-MI-TE-PE
M2-219,2,N1-L02-219-MI-TE-PE
M2-220,2,N1-L02-220-DF-TE-PE
M2-221,2,UNUSED
M2-222,2,N1-L02-222-DF-WC ANVISA-TE-PE
M2-223,2,N1-L02-223-DF-WC ANVISA-TE-PE
M2-224,2,N1-L02-224-DF-WC ANVISA-TE-PE
M2-225,2,N1-L02-225-DF-WC ANVISA-TE-PE
M2-226,2,N1-L02-226-DF-ANVISA-TE-PE
M2-227,2,N1-L02-227-DF-ANVISA-TE-PE
M2-228,2,N1-L02-228-DF-MIN AGRICULTURA-TE-PE
M2-229,2,N1-L02-229-DF-MIN AGRICULTURA-TE-PE
M2-230,2,N1-L02-230-DF-MIN AGRICULTURA-TE-PE
M2-231,2,UNUSED
M2-232,2,N1-L02-232-DF-ANAC ATEND PUBLICO-TE-PE
M2-233,2,N1-L02-233-DF-ANAC ATEND PUBLICO-TE-PE
M2-234,2,N1-L02-234-DF-PROXIMO ACHADOS PERD-TE-PE
M2-235,2,N1-L02-235-DF-ACHADOS E PERDIDOS-TE-PE
M2-236,2,N1-L02-236-DF-ACHADOS E PERDIDOS-TE-PE
M2-237,2,UNUSED
M2-238,2,N1-L02-238-DF-ACHADOS E PERDIDOS-TE-PE
M2-239,2,N1-L02-239-DF-ACHADOS E PERDIDOS-TE-PE
M2-240,2,N1-L02-240-MZ-TE-PE
M2-241,2,N1-L02-241-DF-WC001-TE-PE
M2-242,2,N1-L02-242-DF-DF-WC001TE-PE
M2-243,2,UNUSED
M2-244,2,N1-L02-244-MZ-DESEMBARQUE-TE-PE
M2-245,2,UNUSED
M2-246,2,UNUSED
M2-247,2,UNUSED
M2-248,2,UNUSED
M2-249,2,N1-L02-249-DF-MIN AGRICULTURA-TE-PE
M2-250,2,N1-L02-250-DF-MIN AGRICULTURA-TE-PE
M3-001,3,N1-L03-001-DF-CIR001 CORREDOR-TE-PE
M3-002,3,N1-L03-002-DF-CIR001 CORREDOR-TE-PE
M3-003,3,N1-L03-003-DF-SALA TECNICA TEL 004-TE-PE
M3-004,3,N1-L03-004-MR-HVAC CAG -TE-PE
M3-005,3,N1-L03-005-DF-SALA TECNICA TEL 002-TE-PE
M3-006,3,N1-L03-006-MM-VGA-TE-PE
M3-007,3,N1-L03-007-AM-AREA TECNICA-TE-PE
M3-008,3,N1-L03-008-E-VGA-TE-PE
M3-009,3,N1-L03-009-E-VGA-TE-PE
M3-010,3,N1-L03-010-DF-X-TE-PE
M3-011,3,N1-L03-011-E-VGA-TE-PE
M3-012,3,N1-L03-012-E-VGA-TE-PE
M3-013,3,N1-L03-013-E-VGA-TE-PE
M3-014,3,N1-L03-014-DF-SALA FF002-TE-PE
M3-015,3,N1-L03-015-DF-SALA TECNICA TEL 003-TE-PE
M3-016,3,N1-L03-016-DF-SALA TECNICA TEL 001-TE-PE
M3-017,3,UNUSED
M3-018,3,N1-L03-018-DF-SALA CNV002-TE-PE
M3-019,3,N1-L03-019-DF-SALA  AUXILIAR 01-TE-PE
M3-020,3,N1-L03-020-DF-CIRCULACAO-TE-PE
M3-021,3,N1-L03-021-DF-CIRCULACAO-TE-PE
M3-022,3,N1-L03-022-DF-CIRCULACAO-TE-PE
M3-023,3,N1-L03-023-DF-CIRCULACAO-TE-PE
M3-024,3,N1-L03-024-AM-ELEV SERVICO-TE-PE
M3-025,3,UNUSED
M3-026,3,N1-L03-026-DF-ELEV SERVICO-TE-PE
M3-027,3,N1-L03-027-DF-CIRC ESCADA-TE-PE
M3-028,3,N1-L03-028-DF-CIRC ESCADA-TE-PE
M3-029,3,N1-L03-029-DF-CORREDOR-TE-PE
M3-030,3,N1-L03-030-MM-AMBAAR CLUB
M3-031,3,N1-L03-031-MM-DEPOSITO MARIPOSA
M3-032,3,N1-L03-032-MM-DEPOSITO DELTA EXPRESSO
M3-033,3,N1-L03-033-AM-CAG-TE-PE
M3-034,3,N1-L03-034-DF-CAG-TE-PE
M3-035,3,N1-L03-035-DF-CAG-TE-PE
M3-036,3,N1-L03-036-DF-CAG-TE-PE
M3-037,3,N1-L03-037-AM-CAG-TE-PE
M3-038,3,N1-L03-038-DF-CAG-TE-PE
M3-039,3,N1-L03-039-DF-CAG-TE-PE
M3-040,3,N1-L03-040-AM-CAG-TE-PE
M3-041,3,N1-L03-041-DF-CAG-TE-PE
M3-042,3,N1-L03-042-DF-CAG-TE-PE
M3-043,3,N1-L03-043-DF-CAG-TE-PE
M3-044,3,N1-L03-044-DF-CAG-TE-PE
M3-045,3,N1-L03-045-DF-CAG-TE-PE
M3-046,3,N1-L03-046-DF-CAG-TE-PE
M3-047,3,N1-L03-047-DF-CAG-TE-PE
M3-048,3,N1-L03-048-DF-CAG-TE-PE
M3-049,3,N1-L03-049-DF-CAG-TE-PE
M3-050,3,N1-L03-050-DF-RES PRI AGUA CHUVA-TE-PE
M3-051,3,N1-L03-051-DF-CAG-TE-PE
M3-052,3,N1-L03-052-DF-CAG-TE-PE
M3-053,3,N1-L03-053-DF-CAG-TE-PE
M3-054,3,N1-L03-054-DF-CAG-TE-PE
M3-055,3,N1-L03-055-DF-SL TECNICA TT2-TE-PE
M3-056,3,UNUSED
M3-057,3,N1-L03-057-AM-CAG-TE-PE
M3-058,3,N1-L03-058-DF-CIRCULACAO-TE-PE
M3-059,3,N1-L03-059-DF-CIRCULACAO-TE-PE
M3-060,3,N1-L03-060-AM-CIRCULACAO-TE-PE
M3-061,3,UNUSED
M3-062,3,N1-L03-062-DF-CORREDOR DEPOSITO-TE-PE
M3-063,3,N1-L03-063-DF-DEPOSITO 001-TE-PE
M3-064,3,N1-L03-064-DF-DEPOSITO 002-TE-PE
M3-065,3,N1-L03-065-MM-DEPOSITO SSP
M3-066,3,N1-L03-066-DF-DEPOSITO 004-TE-PE
M3-067,3,UNUSED
M3-068,3,N1-L03-068-DF-CORREDOR DEPOSITO-TE-PE
M3-069,3,N1-L03-069-AM-DEPOSITOS-TE-PE
M3-070,3,N1-L03-070-DF-DEPOSITO 005-TE-PE
M3-071,3,N1-L03-071-DF-DEPOSITO 006-TE-PE
M3-072,3,N1-L03-072-MM-DEPOSITO DOOG
M3-073,3,N1-L03-073-DF-DEPOSITO 008-TE-PE
M3-074,3,N1-L03-074-DF-CORREDOR DEPOSITO-TE-PE
M3-075,3,N1-L03-075-DF-DEPOSITO 009-TE-PE
M3-076,3,N1-L03-076-DF-CORREDOR DEPOSITO-TE-PE
M3-077,3,N1-L03-077-MZ-BANCO-TE-PE
M3-078,3,N1-L03-078-DF-CORREDOR DEPOSITO-TE-PE
M3-079,3,N1-L03-079-DF-CIRC LOJAS DESEMB-TE-PE
M3-080,3,N1-L03-080-DF-CIRC LOJAS DESEMB-TE-PE
M3-081,3,N1-L03-081-DF-CIRC LOJAS DESEMB-TE-PE
M3-082,3,N1-L03-082-DF-CIRC LOJAS DESEMB-TE-PE
M3-083,3,N1-L03-083-MZ-BANCO-TE-PE
M3-084,3,N1-L03-084-DF-CIRC LOJAS DESEMB-TE-PE
M3-085,3,N1-L03-085-DF-CIRC LOJAS DESEMB-TE-PE
M3-086,3,N1-L03-086-DF-CIRC LOJAS DESEMB-TE-PE
M3-087,3,N1-L03-087-E-VGA-TE-PE
M3-088,3,N1-L03-088-E-VGA-TE-PE
M3-089,3,N1-L03-089-E-VGA-TE-PE
M3-090,3,N1-L03-090-DF-GAR001 DEPOSITO-TE-PE
M3-091,3,N1-L03-091-E-CIR003 VAG-TE-PE
M3-092,3,N1-L03-092-E-CIR003 VAG-TE-PE
M3-093,3,N1-L03-093-E-CIR003 VAG-TE-PE
M3-094,3,N1-L03-094-DF-SL TECNICA TT2-TE-PE
M3-095,3,N1-L03-095-DF-SL TECNICA TT2-TE-PE
M3-096,3,N1-L03-096-DF-FF001-TE-PE
M3-097,3,UNUSED
M3-098,3,N1-L03-098-DF-WC POLICIA CIVIL-TE-PE
M3-099,3,N1-L03-099-MZ-LOJA 012-TE-PE
M3-100,3,N1-L03-100-DF-CIRC LOJAS DESEMB-TE-PE
M3-101,3,N1-L03-101-MZ-LOJA 013-TE-PE
M3-102,3,N1-L03-102-DF-CIRC LOJAS DESEMB-TE-PE
M3-103,3,N1-L03-103-MZ-LOJA 014-TE-PE
M3-104,3,N1-L03-104-DF-WC FEM ATEN HOSPITAL-TE-PE
M3-105,3,N1-L03-105-DF-WC MAS ATEN HOSPITAL-TE-PE
M3-106,3,UNUSED
M3-107,3,N1-L03-107-DF-POLICIA CIVIL-TE-PE
M3-108,3,UNUSED
M3-109,3,N1-L03-109-DF-POLICIA CIVIL-TE-PE
M3-110,3,N1-L03-110-DF-POLICIA CIVIL-TE-PE
M3-111,3,N1-L03-111-DF-POLICIA CIVIL-TE-PE
M3-112,3,N1-L03-112-MM-X-TE-PE
M3-113,3,N1-L03-113-DF-POLICIA CIVIL-TE-PE
M3-114,3,N1-L03-114-DF-POLICIA CIVIL-TE-PE
M3-115,3,N1-L03-115-DF-POLICIA CIVIL-TE-PE
M3-116,3,N1-L03-116-AM-POLICIA CIVIL-TE-PE
M3-117,3,N1-L03-117-AM-CIRC LOJAS DESEMB-TE-PE
M3-118,3,UNUSED
M3-119,3,N1-L03-119-DF-POLICIA CIVIL-TE-PE
M3-120,3,N1-L03-120-MZ-LOJA 010-TE-PE
M3-121,3,N1-L03-121-DF-POLICIA CIVIL-TE-PE
M3-122,3,N1-L03-122-DF-POLICIA CIVIL-TE-PE
M3-123,3,UNUSED
M3-124,3,N1-L03-124-DF-REFEITORIO 01-TE-PE
M3-125,3,N1-L03-125-DF-REFEITORIO 01-TE-PE
M3-126,3,N1-L03-126-DF-CIRC LOJAS DESEMB-TE-PE
M3-127,3,N1-L03-127-AM-REFEITORIO 01-TE-PE
M3-128,3,N1-L03-128-DF-REFEITORIO 01-TE-PE
M3-129,3,N1-L03-129-DF-REFEITORIO 01-TE-PE
M3-130,3,N1-L03-130-DF-REFEITORIO 01-TE-PE
M3-131,3,N1-L03-131-DF-REFEITORIO 01-TE-PE
M3-132,3,N1-L03-132-DF-REFEITORIO 01-TE-PE
M3-133,3,N1-L03-133-DF-REFEITORIO 01-TE-PE
M3-134,3,N1-L03-134-DF-REFEITORIO 01-TE-PE
M3-135,3,N1-L03-135-DF-REFEITORIO 01-TE-PE
M3-136,3,N1-L03-136-DF-REFEITORIO 01-TE-PE
M3-137,3,N1-L03-137-DF-REFEITORIO 01-TE-PE
M3-138,3,UNUSED
M3-139,3,N1-L03-139-DF-POLICIA CIVIL-TE-PE
M3-140,3,N1-L03-140-DF-POLICIA CIVIL-TE-PE
M3-141,3,N1-L03-141-DF-POLICIA CIVIL-TE-PE
M3-142,3,N1-L03-142-DF-POLICIA CIVIL-TE-PE
M3-143,3,N1-L03-143-DF-POLICIA CIVIL-TE-PE
M3-144,3,N1-L03-144-DF-ENTRADA POLICIA CIVI-TE-PE
M3-145,3,N1-L03-145-DF-ENTRADA POLICIA CIVI-TE-PE
M3-146,3,N1-L03-146-DF-CIRC LOJAS DESEMB-TE-PE
M3-147,3,N1-L03-147-DF-CIRC LOJAS DESEMB-TE-PE
M3-148,3,UNUSED
M3-149,3,N1-L03-149-DF-WC 03 P MILITAR -TE-PE
M3-150,3,N1-L03-150-DF-WC 03 P MILITAR -TE-PE
M3-151,3,N1-L03-151-DF-SALA TECNICA 013-TE-PE
M3-152,3,N1-L03-152-DF-CIRC LOJAS DESEMB-TE-TE-PE
M3-153,3,UNUSED
M3-154,3,N1-L03-154-DF-CIRC LOJAS DESEMB-TE-TE-PE
M3-155,3,UNUSED
M3-156,3,N1-L03-156-DF-CIRC LOJAS DESEMB-TE-TE-PE
M3-157,3,N1-L03-157-DF-CIRC LOJAS DESEMB-TE-TE-PE
M3-158,3,N1-L03-158-MZ-CIRC LOJAS DESEMB-TE-TE-PE
M3-159,3,N1-L03-159-DF-SALA 02 SINDICATOS -TE-PE
M3-160,3,N1-L03-160-DF-SALA 02 SINDICATOS-TE-PE
M3-161,3,N1-L03-161-DF-SALA 01 SINDICATOS-TE-PE
M3-162,3,N1-L03-162-DF-SALA 01 SINDICATOS-TE-PE
M3-163,3,N1-L03-163-DF- SALA EXPURGO-TE-PE
M3-164,3,N1-L03-164-DF-SALA EXPURGO-TE-PE
M3-165,3,UNUSED
M3-166,3,UNUSED
M3-167,3,N1-L03-167-DF-SL RESIDUO INFECTANT-TE-PE
M3-168,3,N1-L03-168-DF-SL RESIDUO INFECTANT-TE-PE
M3-169,3,N1-L03-169-DF-ATENDIMEN HOSPITALAR-TE-PE
M3-170,3,N1-L03-170-DF-ATENDIMEN HOSPITALAR-TE-PE
M3-171,3,N1-L03-171-DF-ATENDIMEN HOSPITALAR-TE-PE
M3-172,3,N1-L03-172-DF-ATENDIMEN HOSPITALAR-TE-PE
M3-173,3,N1-L03-173-DF-ATENDIMEN HOSPITALAR-TE-PE
M3-174,3,N1-L03-174-DF-ATENDIMEN HOSPITALAR-TE-PE
M3-175,3,N1-L03-175-DF-WC FEM ATEN HOSPITAL-TE-PE
M3-176,3,UNUSED
M3-177,3,N1-L03-177-DF-SL PRIMEIROS SOCORRO-TE-PE
M3-178,3,N1-L03-178-DF-SL PRIMEIROS SOCORRO-TE-PE
M3-179,3,N1-L3-179-DF-ESCRITO AREA HOSPITAL-TE-PE
M3-180,3,N1-L03-180-DF-ESCRITO AREA HOSPITA-TE-PE
M3-181,3,N1-L3-181-MI-X-TE-PE
M3-182,3,N1-L3-182-DF-CIRCULACAO HOSPITALAR-TE-PE
M3-183,3,N1-L3-183-DF-CIRCULACAO HOSPITALAR-TE-PE
M3-184,3,N1-L3-184-DF-CIRCULACAO HOSPITALAR-TE-PE
M3-185,3,N1-L03-185-DF-ESCRITO AREA HOSPITA-TE-PE
M3-186,3,N1-L03-186-DF-ESCRITO AREA HOSPITA-TE-PE
M3-187,3,N1-L03-187-DF-DORMITORIO 01-TE-PE
M3-188,3,N1-L03-188-DF-DORMITORIO 01-TE-PE
M3-189,3,N1-L03-189-DF-CIRCULACAO 01-TE-PE
M3-190,3,N1-L03-190-MI-X-TE-PE
M3-191,3,UNUSED
M3-192,3,UNUSED
M3-193,3,N1-L03-193-MI-X-TE-PE
M3-194,3,N1-L03-194-MI-X-TE-PE
M3-195,3,N1-L03-195-MI-X-TE-PE
M3-196,3,UNUSED
M3-197,3,UNUSED
M3-198,3,UNUSED
M3-199,3,UNUSED
M3-200,3,N1-L03-200-DF-ENFERMARIA WC PNE-TE-PE
M3-201,3,N1-L03-201-DF-ENFERMARIA WC PNE-TE-PE
M3-202,3,N1-L3-202-DF-DORMITORIO 2 HOSPITAL-TE-PE
M3-203,3,UNUSED
M3-204,3,UNUSED
M3-205,3,UNUSED
M3-206,3,UNUSED
M3-207,3,N1-L03-207-DF-X-TE-PE
M3-208,3,N1-L03-208-DF-X-TE-PE
M3-209,3,UNUSED
M3-210,3,UNUSED
M3-211,3,UNUSED
M3-212,3,UNUSED
M3-213,3,UNUSED
M3-214,3,UNUSED
M3-215,3,UNUSED
M3-216,3,UNUSED
M3-217,3,UNUSED
M3-218,3,UNUSED
M3-219,3,UNUSED
M3-220,3,UNUSED
M3-221,3,UNUSED
M3-222,3,UNUSED
M3-223,3,UNUSED
M3-224,3,UNUSED
M3-225,3,UNUSED
M3-226,3,UNUSED
M3-227,3,UNUSED
M3-228,3,UNUSED
M3-229,3,UNUSED
M3-230,3,UNUSED
M3-231,3,UNUSED
M3-232,3,UNUSED
M3-233,3,UNUSED
M3-234,3,UNUSED
M3-235,3,UNUSED
M3-236,3,UNUSED
M3-237,3,UNUSED
M3-238,3,UNUSED
M3-239,3,UNUSED
M3-240,3,UNUSED
M3-241,3,UNUSED
M3-242,3,UNUSED
M3-243,3,UNUSED
M3-244,3,UNUSED
M3-245,3,UNUSED
M3-246,3,UNUSED
M3-247,3,N1-L03-247-DF-DORMITORIO 2 MED 01-TE-PE
M3-248,3,UNUSED
M3-249,3,N1-L03-249-DF-ROUPARIA-TE-PE
M3-250,3,N1-L03-250-DF-ATENDIMEN HOSPITALAR-TE-PE
M4-001,4,N1-L04-001-DF-HALL ELEVADOR-1P-PE
M4-002,4,N1-L04-002-MI-1P-PE
M4-003,4,N1-L04-003-DF-CORREDOR ATRAS BOBS-1P-PE
M4-004,4,N1-L04-004-MR-CIRCULACAO-1P-PE
M4-005,4,N1-L04-005-AM-CIRCULACAO 106 -1P-PE
M4-006,4,N1-L04-006-DF-CIRCULACAO -1P-PE
M4-007,4,N1-L04-007-DF-CIRCULACAO ESCADA-1P-PE
M4-008,4,N1-L04-008-MZ-LOJA 105-1P-PE
M4-009,4,N1-L04-009-DF-LADO LOJA 104-1P-PE
M4-010,4,N1-L04-010-AM-LADO LOJA 104-1P-PE
M4-011,4,N1-L04-011-MZ-LOJA 104-1P-PE
M4-012,4,N1-L04-012-DF-CIRCULACAO DESCANSO-1P-PE
M4-013,4,N1-L04-013-DF-CIRCULACAO DESCANSO-1P-PE
M4-014,4,N1-L04-014-DF-CIRCULACAO DESCANSO-1P-PE
M4-015,4,N1-L04-015-AM-HALL ELEVADOR-1P-PE
M4-016,4,N1-L04-016-DF-FRENTE LOJA 102-1P-PE
M4-017,4,N1-L04-017-MZ-LOJA 102-1P-PE
M4-018,4,N1-L04-018-MZ-LOJA 103-1P-PE
M4-019,4,N1-L04-019-DF-FRENTE LOJA 103-1P-PE
M4-020,4,N1-L04-020-DF-CIRCULACAO DESCANSO-1P-PE
M4-021,4,N1-L04-021-DF-FRENTE LOJA 105-1P-PE
M4-022,4,N1-L04-022-AM-FRENTE LOJA 105-1P-PE
M4-023,4,N1-L04-023-DF-FRENTE LOJA 103-1P-PE
M4-024,4,UNUSED
M4-025,4,N1-L04-25-DF-ESCDA ROLANTE LOJA104-1P-PE
M4-026,4,N1-L04-26-DF-ESCDA ROLANTE LOJA104-1P-PE
M4-027,4,N1-L04-027-DF-FRENTE LOJA 104D-1P-PE
M4-028,4,N1-L04-028-DF-FRENTE LOJA 104D-1P-PE
M4-029,4,N1-L04-029-DF-FRENTE LOJA 104D-1P-PE
M4-030,4,N1-L04-030-DF-FRENTE LOJA 104D-1P-PE
M4-031,4,N1-L04-031-DF-LOJA 104D-1P-PE
M4-032,4,N1-L04-032-DF-CIRCULACAO 106-1P-PE
M4-033,4,N1-L04-033-DF-CIRCULACAO 106-1P-PE
M4-034,4,N1-L04-034-AM-CORREDOR SERVICO-1P-PE
M4-035,4,N1-L04-035-DF-CORREDOR SERVICO-1P-PE
M4-036,4,N1-L04-036-DF-CORREDOR SERVICO-1P-PE
M4-037,4,N1-L04-037-DF-CIRCULACAO 106-1P-PE
M4-038,4,N1-L04-038-DF-CIRCULACAO 106-1P-PE
M4-039,4,N1-L04-039-DF-CIRCULACAO 106-1P-PE
M4-040,4,N1-L04-040-DF-CIRCULACAO 106-1P-PE
M4-041,4,N1-L04-041-DF-CORREDOR SERVICO-1P-PE
M4-042,4,N1-L04-042-DF-CIRCULACAO 106-1P-PE
M4-043,4,N1-L04-043-DF-CIRCULACAO 106-1P-PE
M4-044,4,N1-L04-044-AM-CIRCULACAO 106-1P-PE
M4-045,4,N1-L04-045-DF-SALA SPRINKLERS 101-1P-PE
M4-046,4,N1-L04-46-DF-ENTRADA VESTI LCK-101-1P-PE
M4-047,4,N1-L04-047-DF-ENTRADA VESTI LCK-101-1P-P
M4-048,4,N1-L04-048-DF-CIRCULACAO 103-1P-PE
M4-049,4,N1-L04-049-AM-CIRCULACAO 103-1P-PE
M4-050,4,N1-L04-050-DF-CASA MAQUINA TAR 101-1P-PE
M4-051,4,N1-L04-051-DF-SALA TECNICA EL 101-1P-PE
M4-052,4,UNUSED
M4-053,4,N1-L04-053-DF-COPA 101-1P-PE
M4-054,4,N1-L04-054-DF-SALA TECNICA  TP1-1P-PE
M4-055,4,N1-L04-055-DF-SALA TECNICA  TP1-1P-PE
M4-056,4,N1-L04-056-MZ-LOJA FLS103-1P-PE
M4-057,4,N1-L04-057-DF-VESTIARIO LCK-101-1P-PE
M4-058,4,N1-L04-058-DF-VESTIARIO LCK-101-1P-PE
M4-059,4,N1-L04-059-DF-VESTIARIO LCK-101-1P-PE
M4-060,4,N1-L04-060-DF-VESTIARIO LCK-101-1P-PE
M4-061,4,N1-L04-61-DF-WC 105-1P-PE
M4-062,4,N1-L04-062-DF-WC-1P-PE
M4-063,4,N1-L04-063-DF-VESTIARIO LCK-101-1P-PE
M4-064,4,N1-L04-064-DF-CIRCULACAO CIR 103-1P-PE
M4-065,4,N1-L04-065-AM-CIRCULACAO CIR 103-1P-PE
M4-066,4,N1-L04-066-DF-LADO LOJA FLS 103-1P-PE
M4-067,4,N1-L04-067-AM-FRENTE LOJA FLS103-1P-PE
M4-068,4,N1-L04-068-MZ-LOJA FLS 102-1P-PE
M4-069,4,UNUSED
M4-070,4,N1-L04-070-DF-ATRAS LOJA OPACA-1P-PE
M4-071,4,N1-L04-071-DF-WC FEM -1P-PE
M4-072,4,N1-L04-072-DF-WC FEM -1P-PE
M4-073,4,N1-L04-073-DF-WC MAS -1P-PE
M4-074,4,N1-L04-074-DF-WC MAS -1P-PE
M4-075,4,N1-L04-075-DF-WC MAS-1P-PE
M4-076,4,N1-L04-076-DF-WC FEM -1P-PE
M4-077,4,N1-L04-077-DF-WC MAS-1P-PE
M4-078,4,N1-L04-078-DF-ATRAS LOJA OPACA-1P-PE
M4-079,4,N1-L04-079-DF-WC FEM-1P-PE
M4-080,4,N1-L04-080-DF-AREA DOS RESTAURANTE-1P-PE
M4-081,4,N1-L04-081-DF-AREA DOS RESTAURANTE-1P-PE
M4-082,4,N1-L04-082-MZ-AREA DOS RESTAURANTE-1P-PE
M4-083,4,N1-L04-083-MZ-AREA DOS RESTAURANTE-1P-PE
M4-084,4,N1-L04-084-DF-AREA DOS RESTAURANTE-1P-PE
M4-085,4,N1-L04-085-DF-AREA DOS RESTAURANTE-1P-PE
M4-086,4,N1-L04-086-MZ-AREA DOS RESTAURANTE-1P-PE
M4-087,4,N1-L04-087-AM-AREA DOS RESTAURANTE-1P-PE
M4-088,4,N1-L04-088-DF-CIRCULACAO 104-1P-PE
M4-089,4,N1-L04-089-DF-CIRCULACAO SAIDA RUA-1P-PE
M4-090,4,N1-L04-090-DF-CIRCULACAO 104-1P-PE
M4-091,4,N1-L04-091-DF-FRENTE ELEVADOR-1P-PE
M4-092,4,N1-L04-092-MR-ELEVADOR-1P-PE
M4-093,4,N1-L04-093-MR-ELEVADOR-1P-PE
M4-094,4,N1-L04-094-DF-FRENTE ELEVADOR-1P-PE
M4-095,4,N1-L04-095-DF-FRENTE ESCADA ROLANT-1P-PE
M4-096,4,N1-L04-096-MR-ESCADA ROLANTE-1P-PE
M4-097,4,N1-L04-097-MR-ESCADA ROLANTE-1P-PE
M4-098,4,UNUSED
M4-099,4,N1-L04-099-AM-FRENTE ESCADA ROLANT-1P-PE
M4-100,4,N1-L04-100-DF-AREA DOS RESTAURANTE-1P-PE
M4-101,4,N1-L04-101-DF-AREA DOS RESTAURANTE-1P-PE
M4-102,4,N1-L04-102-DF-AREA DOS RESTAURANTE-1P-PE
M4-103,4,N1-L04-103-AM-AREA DOS RESTAURANTE-1P-PE
M4-104,4,N1-L04-104-DF-AREA DOS RESTAURANTE-1P-PE
M4-105,4,N1-L04-105-MM-REST MESA TEREZA-1P-PE
M4-106,4,N1-L04-106-DF-AREA DOS RESTAURANTE-1P-PE
M4-107,4,N1-L04-107-DF-AREA DOS RESTAURANTE-1P-PE
M4-108,4,N1-L04-108-DF-AREA DOS RESTAURANTE-1P-PE
M4-109,4,N1-L04-109-DF-AREA DOS RESTAURANTE-1P-PE
M4-110,4,N1-L04-110-DF-AREA DOS RESTAURANTE-1P-PE
M4-111,4,N1-L04-111-AM-AREA DOS RESTAURANTE-1P-PE
M4-112,4,N1-L04-112-DF-AREA DOS RESTAURANTE-1P-PE
M4-113,4,N1-L04-113-DF-AREA DOS RESTAURANTE-1P-PE
M4-114,4,UNUSED
M4-115,4,N1-L04-115-DF-AREA DOS RESTAURANTE-1P-PE
M4-116,4,N1-L04-116-MZ-LOJA FLS 103-1-1P-PE
M4-117,4,N1-L04-117-MZ-LOJA FLS 103-3 -1P-PE
M4-118,4,N1-L04-118-MZ-LOJA FLS 103-2 -1P-PE
M4-119,4,N1-L04-119-MZ-LOJA FLS 103-4 -1P-PE
M4-120,4,UNUSED
M4-121,4,N1-L04-121-MZ-LOJA FLS 103-6 -1P-PE
M4-122,4,N1-L04-122-MZ-LOJA FLS 103-7 -1P-PE
M4-123,4,N1-L04-123-MZ-LOJA FLS 103-8 -1P-PE
M4-124,4,N1-L04-124-DF-FRENTE LOJA 103-8 -1P-PE
M4-125,4,UNUSED
M4-126,4,N1-L04-126-DF-BALCOES CHECK-IN 01-1P-PE
M4-127,4,N1-L04-127-DF-BALCOES CHECK-IN 01-1P-PE
M4-128,4,N1-L04-128-DF-BALCOES CHECK-IN 01-1P-PE
M4-129,4,N1-L04-129-DF-BALCOES CHECK-IN 01-1P-PE
M4-130,4,N1-L04-130-DF-BALCOES CHECK-IN 01-1P-PE
M4-131,4,N1-L04-131-DF-BALCOES CHECK-IN 01-1P-PE
M4-132,4,N1-L04-132-DF-BALCOES CHECK-IN 01-1P-PE
M4-133,4,N1-L04-133-DF-FINAL CHECK-IN 01-1P-PE
M4-134,4,N1-L04-134-DF-ESTEIRAS CHECK-IN 01-1P-PE
M4-135,4,N1-L04-135-DF-ESTEIRAS CHECK-IN 01-1P-PE
M4-136,4,N1-L04-136-DF-ESTEIRAS CHECK-IN 01-1P-PE
M4-137,4,N1-L04-137-DF-ESTEIRAS CHECK-IN 01-1P-PE
M4-138,4,N1-L04-138-DF-ESTEIRAS CHECK-IN 01-1P-PE
M4-139,4,N1-L04-139-DF-ESTEIRAS CHECK-IN 01-1P-PE
M4-140,4,N1-L04-140-DF-FRENTE LOJA 103-8 -1P-PE
M4-141,4,N1-L04-141-DF-FRENTE LOJA 103-8 -1P-PE
M4-142,4,UNUSED
M4-143,4,N1-L04-143-DF-CORREDOR SERVICO-1P-PE
M4-144,4,N1-L04-144-DF-CIRCULACAO 106-1P-PE
M4-145,4,N1-L04-145-DF-CIRCULACAO 106-1P-PE
M4-146,4,UNUSED
M4-147,4,N1-L04-147-DF-WC-1P-PE
M4-148,4,N1-L04-148-DF-COPA 101-1P-PE
M4-149,4,N1-L04-149-DF-WC FEM -1P-PE
M4-150,4,N1-L04-150-DF-WC FEM -1P-PE
M4-151,4,N1-L04-151-DF-WC FRALDARIO -1P-PE
M4-152,4,N1-L04-152-DF-WC MAS PNE -1P-PE
M4-153,4,N1-L04-153-DF-ACESSO WC -1P-PE
M4-154,4,N1-L04-154-DF-DML -1P-PE
M4-155,4,N1-L04-155-DF- CORREDOR ACESSO WC -1P-PE
M4-156,4,N1-L04-156-AM-ACESSO WC -1P-PE
M4-157,4,N1-L04-157-DF-SALA TECNICA EL 101-1P-PE
M4-158,4,N1-L04-158-DF-SALA SPRINKLERS 101-1P-PE
M4-159,4,N1-L04-159-DF-VESTIARIO LCK-101-1P-PE
M4-160,4,UNUSED
M4-161,4,N1-L04-161-DF-WC 105-1P-PE
M4-162,4,N1-L04-162-MI-CIRCULACAO DESCANSO-1P-PE
M4-163,4,UNUSED
M4-164,4,UNUSED
M4-165,4,UNUSED
M4-166,4,UNUSED
M4-167,4,UNUSED
M4-168,4,UNUSED
M4-169,4,UNUSED
M4-170,4,UNUSED
M4-171,4,UNUSED
M4-172,4,UNUSED
M4-173,4,UNUSED
M4-174,4,UNUSED
M4-175,4,UNUSED
M4-176,4,UNUSED
M4-177,4,UNUSED
M4-178,4,UNUSED
M4-179,4,UNUSED
M4-180,4,UNUSED
M4-181,4,UNUSED
M4-182,4,UNUSED
M4-183,4,UNUSED
M4-184,4,UNUSED
M4-185,4,UNUSED
M4-186,4,N1-L04-186-DF-VESTIARIO PNE-1P-PE
M4-187,4,UNUSED
M4-188,4,UNUSED
M4-189,4,UNUSED
M4-190,4,UNUSED
M4-191,4,UNUSED
M4-192,4,UNUSED
M4-193,4,UNUSED
M4-194,4,UNUSED
M4-195,4,UNUSED
M4-196,4,UNUSED
M4-197,4,UNUSED
M4-198,4,UNUSED
M4-199,4,UNUSED
M4-200,4,UNUSED
M4-201,4,UNUSED
M4-202,4,UNUSED
M4-203,4,UNUSED
M4-204,4,UNUSED
M4-205,4,UNUSED
M4-206,4,UNUSED
M4-207,4,UNUSED
M4-208,4,UNUSED
M4-209,4,UNUSED
M4-210,4,UNUSED
M4-211,4,UNUSED
M4-212,4,UNUSED
M4-213,4,UNUSED
M4-214,4,UNUSED
M4-215,4,UNUSED
M4-216,4,UNUSED
M4-217,4,UNUSED
M4-218,4,UNUSED
M4-219,4,UNUSED
M4-220,4,UNUSED
M4-221,4,UNUSED
M4-222,4,UNUSED
M4-223,4,UNUSED
M4-224,4,UNUSED
M4-225,4,UNUSED
M4-226,4,UNUSED
M4-227,4,UNUSED
M4-228,4,UNUSED
M4-229,4,UNUSED
M4-230,4,UNUSED
M4-231,4,UNUSED
M4-232,4,UNUSED
M4-233,4,UNUSED
M4-234,4,UNUSED
M4-235,4,UNUSED
M4-236,4,UNUSED
M4-237,4,UNUSED
M4-238,4,UNUSED
M4-239,4,UNUSED
M4-240,4,UNUSED
M4-241,4,UNUSED
M4-242,4,UNUSED
M4-243,4,UNUSED
M4-244,4,UNUSED
M4-245,4,UNUSED
M4-246,4,UNUSED
M4-247,4,UNUSED
M4-248,4,UNUSED
M4-249,4,UNUSED
M4-250,4,N1-L04-250-DF-CIRCULACAO CIR 103-1P-PE
M5-001,5,N1-L05-001-MZ_LOJA _LS 101-1P-PE
M5-002,5,N1-L05-002-DF-FRENTE LOJA RLS 105-1P-PE
M5-003,5,N1-L05-003-MZ-LOJA RLS 105-1P-PE
M5-004,5,N1-L05-004-DF-CORREDOR CIRC 107-1P-PE
M5-005,5,N1-L05-005-DF-CORREDOR CIRC 107-1P-PE
M5-006,5,N1-L05-006-DF-CORREDOR CIRC 107-1P-PE
M5-007,5,N1-L05-007-DF-DEPOSITO STO102-1P-PE
M5-008,5,N1-L05-008-DF-DEPOSITO STO103-1P-PE
M5-009,5,N1-L05-009-DF-DEPOSITO STO104-1P-PE
M5-010,5,N1-L05-010-DF-DEPOSITO STO105-1P-PE
M5-011,5,N1-L05-011-DF-DEPOSITO STO106-1P-PE
M5-012,5,N1-L05-012-DF-DESCIDA ESTEIRA BAG-1P-PE
M5-013,5,N1-L05-013-DF-DEPOSITO STO105-1P-PE
M5-014,5,N1-L05-014-DF-WC MASCULINO108 -1P-PE
M5-015,5,N1-L05-015-DF-WC FEMININO 108-1P-PE
M5-016,5,N1-L05-016-DF-SALA TECNICA TP2-1P-PE
M5-017,5,N1-L05-017-DF-SALA TECNICA TP2-1P-PE
M5-018,5,N1-L05-018-DF-ENTRADA WC 108 -1P-PE
M5-019,5,N1-L05-019-DF-WC MASCULINO108  -1P-PE
M5-020,5,N1-L05-020-DF-WC108  PNE-1P-PE
M5-021,5,N1-L05-021-DF-WC 108 PNE-1P-PE
M5-022,5,N1-L05-022-DF-WC 108 SL MATERIAIS-1P-PE
M5-023,5,N1-L05-023-AM-FRENTE LOJA RLS 106B-1P-PE
M5-024,5,N1-L05-024-DF-LOJA RLS 106B-1P-PE
M5-025,5,N1-L05-025-DF-FRENTE LOJA RLS 102-1P-PE
M5-026,5,N1-L05-026-DF-FRENTE LOJA RLS 102-1P-PE
M5-027,5,N1-L05-027-DF-FRENTE LOJA RLS 104A-1P-PE
M5-028,5,N1-L05-028-DF-FRENTE LOJA RLS 104A-1P-PE
M5-029,5,N1-L05-029-DF-FRENTE LOJA RLS 104-1P-PE
M5-030,5,N1-L05-030-DF-FRENTE LOJA RLS 104-1P-PE
M5-031,5,N1-L05-031-DF-FRENTE LOJA RLS 106-1P-PE
M5-032,5,N1-L05-032-DF-FRENTE LOJA RLS 103-1P-PE
M5-033,5,N1-L05-033-DF-SALA TECNICA-1P-PE
M5-034,5,N1-L05-034-DF-SALA VAZIA-1P-PE
M5-035,5,N1-L05-035-DF-FRENTE LOJA RLS 106-1P-PE
M5-036,5,N1-L05-036-DF-FRENTE LOJA RLS 106-1P-PE
M5-037,5,N1-L05-037-DF-LOJA JET SMART-1P-PE
M5-038,5,N1-L05-038-DF-SALA VAZIA-1P-PE
M5-039,5,N1-L05-039-DF-LOJA DA AZUL-1P-PE
M5-040,5,N1-L05-040-DF-LOJA DA AZUL-1P-PE
M5-041,5,N1-L05-041-DF-LOJA DA TAP-1P-PE
M5-042,5,N1-L05-042-DF-LOJA AIR EUROPA-1P-PE
M5-043,5,N1-L05-043-DF-AEROLINEAS ARGENTINA-1P-PE
M5-044,5,N1-L05-044-DF-DEPOSITO STO106-1P-PE
M5-045,5,N1-L05-045-DF-LOJA VAZIA-1P-PE
M5-046,5,N1-L05-046-AM-FRENTE WC 109-1P-PE
M5-047,5,N1-L05-047-MZ-LOJA RLS 104-1P-PE
M5-048,5,N1-L05-048-DF-ENTRAD COMPANHIA AERE-1P-P
M5-049,5,N1-L05-049-DF-ENTRAD COMPANHIA AERE-1P-P
M5-050,5,N1-L05-050-DF-ENTRAD COMPANHIA AERE-1P-P
M5-051,5,N1-L05-051-DF-ENTRAD COMPANHIA AERE-1P-P
M5-052,5,N1-L05-052-DF-SALA VAZIA-1P-PE
M5-053,5,N1-L05-053-DF-WC 109 MASCULINO -1P-PE
M5-054,5,UNUSED
M5-055,5,N1-L05-055-DF-WC 109 MASCULINO -1P-PE
M5-056,5,N1-L05-056-DF-WC 109 FEMININO -1P-PE
M5-057,5,N1-L05-057-DF-ENTRADA WC 109  -1P-PE
M5-058,5,N1-L05-058-DF-ENTRADA WC 109  -1P-PE
M5-059,5,N1-L05-059-DF-WC FEMININO 108-1P-PE
M5-060,5,N1-L05-060-AM-FRENTE LOJA RLS 106-1P-PE
M5-061,5,N1-L05-61-AM-ENTRAD COMPANHIA AERE-1P-PE
M5-062,5,N1-L05-062-MZ-LOJA RLS103-1P-PE
M5-063,5,N1-L05-063-DF-LOJA DA TAM -1P-PE
M5-064,5,N1-L05-064-DF-LOJA VAZIA-1P-PE
M5-065,5,N1-L05-065-DF-LOJA VAZIA-1P-PE
M5-066,5,N1-L05-066-MZ-LOJA RLS 106-1P-PE
M5-067,5,N1-L05-067-DF-LOJA DA GOL-1P-PE
M5-068,5,N1-L05-068-DF-FUNDOS LOJA GOL-1P-PE
M5-069,5,N1-L05-069-DF-FUNDOS LOJA GOL-1P-PE
M5-070,5,N1-L05-070-DF-FUNDOS LOJA VAZIA-1P-PE
M5-071,5,N1-L05-071-DF-WC 109 MASCULI PNE  -1P-PE
M5-072,5,N1-L05-072-DF-FUNDOS DA LOJA TAM-1P-PE
M5-073,5,N1-L05-073-DF-FUNDOS DA LOJA TAM-1P-PE
M5-074,5,N1-L05-074-DF-WC 109 FEMININ PNE  -1P-PE
M5-075,5,N1-L05-075-DF-WC PNE-1P-PE
M5-076,5,N1-L05-076-DF-WC-1P-PE
M5-077,5,N1-L05-077-DF-WC 109 FRALDARIO -1P-PE
M5-078,5,N1-L05-078-DF-WC-1P-PE
M5-079,5,N1-L05-079-MZ-LOJA -1P-PE
M5-080,5,N1-L05-080-DF-ENTRADA WC -1P-PE
M5-081,5,UNUSED
M5-082,5,N1-L05-082-DF-WC-1P-PE
M5-083,5,N1-L05-083-DF-WC PNE-1P-PE
M5-084,5,N1-L05-084-DF-SALA TECNICA TP3-1P-PE
M5-085,5,N1-L05-085-DF-SALA TECNICA TP3-1P-PE
M5-086,5,N1-L05-086-DF-COPA -1P-PE
M5-087,5,N1-L05-087-DF-COPA -1P-PE
M5-088,5,N1-L05-088-DF-COPA-1P-PE
M5-089,5,N1-L05-089-DF-COPA-1P-PE
M5-090,5,N1-L05-090-MZ-LOJA -1P-PE
M5-091,5,N1-L05-091-DF-CORREDOR COMP AEREAS-1P-PE
M5-092,5,N1-L05-092-DF-CORREDOR COMP AEREAS-1P-PE
M5-093,5,N1-L05-093-DF-CORREDOR COMP AEREAS-1P-PE
M5-094,5,N1-L05-094-DF-CORREDOR COMP AEREAS-1P-PE
M5-095,5,N1-L05-095-DF-CORREDOR COMP AEREAS-1P-PE
M5-096,5,N1-L05-096-DF-CORREDOR COMP AEREAS-1P-PE
M5-097,5,N1-L05-097-DF-CORREDOR COMP AEREAS-1P-PE
M5-098,5,N1-L05-098-DF-CORREDOR COMP AEREAS-1P-PE
M5-099,5,N1-L05-099-DF-LOJA CABO VERDE-1P-PE
M5-100,5,N1-L05-100-DF-SALA LATAM-1P-PE
M5-101,5,N1-L05-101-DF-SALA LATAM-1P-PE
M5-102,5,N1-L05-102-DF-CPD COMP AEREAS-1P-PE
M5-103,5,N1-L05-103-DF-CPD COMP AEREAS-1P-PE
M5-104,5,N1-L05-104-DF-SALA SWISS PORT-1P-PE
M5-105,5,N1-L05-105-DF-SALA PASSAREDO-1P-PE
M5-106,5,N1-L05-106-DF-SALA PASSAREDO-1P-PE
M5-107,5,N1-L05-107-MM-SALA DNATA-1P-PE
M5-108,5,N1-L05-108-DF-SALA DNATA-1P-PE
M5-109,5,N1-L05-109-DF-SALA COPA AIRLINES-1P-PE
M5-110,5,N1-L05-110-DF-SALA AIR EUROPA-1P-PE
M5-111,5,N1-L05-111-DF-SALA TAP-PORTUGAL-1P-PE
M5-112,5,N1-L05-112-DF-FRENTE SL DA TAP-POR-1P-PE
M5-113,5,N1-L05-113-DF-FRENTE SL DA TAP-POR-1P-PE
M5-114,5,N1-L05-114-DF-SL FRENTE DA TAP POR-1P-PE
M5-115,5,N1-L05-115-DF-SL AEROLINEAS ARGENT-1P-PE
M5-116,5,N1-L05-116-DF-SL AEROLINEAS ARGENT-1P-PE
M5-117,5,N1-L05-117-DF-FUNDO CHECK IN 2-1P-PE
M5-118,5,N1-L05-118-DF-FUNDO CHECK IN 2-1P-PE
M5-119,5,N1-L05-119-AM-AREA CHECKIN PROX WC-1P-PE
M5-120,5,N1-L05-120-DF-SALA TECNICA TP4-1P-PE
M5-121,5,N1-L05-121-DF-WC MASCULINO PNE -1P-PE
M5-122,5,N1-L05-122-DF-WC MASCULINO-1P-PE
M5-123,5,N1-L05-123-DF-WC FEMININO-1P-PE
M5-124,5,N1-L05-124-DF-ESTEIRAS CHECK-IN 02-1P-PE
M5-125,5,N1-L05-125-AM-CORREDOR COMP AEREAS-1P-PE
M5-126,5,N1-L05-126-DF-BALCOES CHECK-IN 02-1P-PE
M5-127,5,N1-L05-127-DF-BALCOES CHECK-IN 02-1P-PE
M5-128,5,N1-L05-128-DF-ESTEIRAS CHECK-IN 02-1P-PE
M5-129,5,UNUSED
M5-130,5,UNUSED
M5-131,5,N1-L05-131-MZ-LOJA-1P-PE
M5-132,5,N1-L05-132-MZ-X-1P-PE
M5-133,5,UNUSED
M5-134,5,UNUSED
M5-135,5,UNUSED
M5-136,5,N1-L05-136-DF-SALA  AZUL-1P-PE
M5-137,5,N1-L05-137-DF-SALA  AZUL-1P-PE
M5-138,5,UNUSED
M5-139,5,N1-L05-139-DF-FUNDO CHECK IN 2-1P-PE
M5-140,5,N1-L05-140-DF-FUNDO CHECK IN 2-1P-PE
M5-141,5,N1-L05-141-DF-FUNDO CHECK IN 2-1P-PE
M5-142,5,N1-L05-142-AM-FINAL CHECK IN 2-1P-PE
M5-143,5,N1-L05-143-DL-CHECK IN 1 E 2-1P-PE
M5-144,5,N1-L05-144-DL-CHECK IN 1 E 2-1P-PE
M5-145,5,N1-L05-145-DF-WC FEMININO-1P-PE
M5-146,5,N1-L05-146-DF-WC FRALDARIO-1P-PE
M5-147,5,N1-L05-147-DF-WC FRALDARIO-1P-PE
M5-148,5,N1-L05-148-DF-WC MASCULINO-1P-PE
M5-149,5,N1-L05-149-DF-SALA TECNICA TP4-1P-PE
M5-150,5,N1-L05-150-DF-X-1P-PE
M5-151,5,N1-L05-151-DF-SALA EXT RUA VAZIA-1P-PE
M5-152,5,N1-L05-152-AM-LADO RUA EXT-1P-PE
M5-153,5,N1-L05-153-DF-BALCOES CHECK-IN 02-1P-PE
M5-154,5,N1-L05-154-DF-DF-ESTEIRAS CHECK-IN 02-1P
M5-155,5,N1-L05-155-DF-DF-ESTEIRAS CHECK-IN 02-1P
M5-156,5,N1-L05-156-DF-CHECK-IN 02 FINAL-1P-PE
M5-157,5,N1-L05-157-DF-CHECK-IN 02 FINAL-1P-PE
M5-158,5,N1-L05-158-DF-DF-ESTEIRAS CHECK-IN 02-1P
M5-159,5,N1-L05-159-DF-ESTEIRAS CHECK-IN 02-1P
M5-160,5,N1-L05-160-DF-BALCOES CHECK-IN 02-1P-PE
M5-161,5,N1-L05-161-DF-SALA VAZIA-1P-PE
M5-162,5,N1-L05-162-DF-ESTEIRAS CHECK-IN 02-1P
M5-163,5,N1-L05-163-DF-BALCOES CHECK-IN 02-1P-PE
M5-164,5,N1-L05-164-DF-X-1P-PE
M5-165,5,UNUSED
M5-166,5,UNUSED
M5-167,5,UNUSED
M5-168,5,UNUSED
M5-169,5,UNUSED
M5-170,5,UNUSED
M5-171,5,UNUSED
M5-172,5,N1-L05-172-DF-BALCOES CHECK-IN 02-1P-PE
M5-173,5,UNUSED
M5-174,5,N1-L05-174-MZ-X-1P-PE
M5-175,5,N1-L05-175-MZ-X-1P-PE
M5-176,5,N1-L05-176-MZ-LOJA RLS 104-1P-PE
M5-177,5,N1-L05-177-MZ-LOJA RLS102-1P-PE
M5-178,5,N1-L05-178-MZ-LOJA RLS 105-1P-PE
M5-179,5,UNUSED
M5-180,5,UNUSED
M5-181,5,UNUSED
M5-182,5,UNUSED
M5-183,5,UNUSED
M5-184,5,UNUSED
M5-185,5,UNUSED
M5-186,5,UNUSED
M5-187,5,UNUSED
M5-188,5,UNUSED
M5-189,5,UNUSED
M5-190,5,UNUSED
M5-191,5,UNUSED
M5-192,5,UNUSED
M5-193,5,UNUSED
M5-194,5,UNUSED
M5-195,5,UNUSED
M5-196,5,UNUSED
M5-197,5,UNUSED
M5-198,5,UNUSED
M5-199,5,UNUSED
M5-200,5,UNUSED
M5-201,5,UNUSED
M5-202,5,UNUSED
M5-203,5,UNUSED
M5-204,5,UNUSED
M5-205,5,UNUSED
M5-206,5,UNUSED
M5-207,5,UNUSED
M5-208,5,UNUSED
M5-209,5,UNUSED
M5-210,5,UNUSED
M5-211,5,N1-L05-211-DF-X-1P-PE
M5-212,5,UNUSED
M5-213,5,UNUSED
M5-214,5,UNUSED
M5-215,5,UNUSED
M5-216,5,UNUSED
M5-217,5,UNUSED
M5-218,5,UNUSED
M5-219,5,UNUSED
M5-220,5,UNUSED
M5-221,5,UNUSED
M5-222,5,UNUSED
M5-223,5,UNUSED
M5-224,5,UNUSED
M5-225,5,UNUSED
M5-226,5,UNUSED
M5-227,5,UNUSED
M5-228,5,UNUSED
M5-229,5,UNUSED
M5-230,5,UNUSED
M5-231,5,UNUSED
M5-232,5,UNUSED
M5-233,5,UNUSED
M5-234,5,UNUSED
M5-235,5,UNUSED
M5-236,5,UNUSED
M5-237,5,UNUSED
M5-238,5,UNUSED
M5-239,5,UNUSED
M5-240,5,UNUSED
M5-241,5,UNUSED
M5-242,5,UNUSED
M5-243,5,UNUSED
M5-244,5,UNUSED
M5-245,5,UNUSED
M5-246,5,UNUSED
M5-247,5,UNUSED
M5-248,5,UNUSED
M5-249,5,N1-L05-249-AM-CIRCULACAO CHECK IN-1P-PE
M5-250,5,N1-L05-250-DF-WC FEMININO PNE-1P-PE
M6-001,6,N1-L06-001-AM-ELEVADOR DE SERVICO-2P-PE
M6-002,6,N1-L06-002-DF-CASA MAQ SM-301-2P-PE
M6-003,6,N1-L06-003-DF-CASA MAQ SM-301-2P-PE
M6-004,6,N1-L06-004-MR-CASA MAQ SM-301-2P-PE
M6-005,6,N1-L06-005-DF-CASA MAQ SM-301-2P-PE
M6-006,6,N1-L06-006-DF-CASA MAQ SM-301-2P-PE
M6-007,6,N1-L06-007-DF-CASA MAQ SM-301-2P-PE
M6-008,6,N1-L06-008-DF-CASA MAQ SM-301-2P-PE
M6-009,6,N1-L06-009-DF-CASA MAQ SM-301-2P-PE
M6-010,6,N1-L06-010-AM-CASA MAQ SM-301-2P-PE
M6-011,6,N1-L06-011-DF-CASA MAQ SM-301-2P-PE
M6-012,6,N1-L06-012-DF-CASA MAQ SM-301-2P-PE
M6-013,6,N1-L06-013-MZ-LOJA-2P-PE
M6-014,6,N1-L06-014-DF-CASA GOVERNADOR-2P-PE
M6-015,6,N1-L06-015-MR-ELEVADOR-2P-PE
M6-016,6,N1-L06-016-MR-ELEVADOR-2P-PE
M6-017,6,N1-L06-017-DF-POLICIA FEDERAL-2P-PE
M6-018,6,N1-L06-018-DF-SALA FRENTE WC RX-2P-PE
M6-019,6,N1-L06-019-DF-WC PROXIMO RX PNE-2P-PE
M6-020,6,N1-L06-020-DF-WC PROXIMO RX  -2P-PE
M6-021,6,N1-L06-021-DF-WC PROXIMO RX -2P-PE
M6-022,6,N1-L06-022-DF-WC PROXIMO RX -2P-PE
M6-023,6,N1-L06-023-DF-X-2P-PE
M6-024,6,N1-L06-24-AM-SALA LADO WC PROX RX -2P-PE
M6-025,6,N1-L06-025-DF-AREA DO RX -2P-PE
M6-026,6,N1-L06-026-DF-AREA DO RX -2P-PE
M6-027,6,N1-L06-027-DF-AREA DO RX -2P-PE
M6-028,6,N1-L06-028-DF-AREA DO RX FILAS -2P-PE
M6-029,6,N1-L06-029-DF-AREA DO RX FILAS -2P-PE
M6-030,6,N1-L06-030-AM-AREA DO RX FILAS -2P-PE
M6-031,6,N1-L06-031-DF-AREA DO RX FILAS -2P-PE
M6-032,6,N1-L06-032-DF-AREA DO RX FILAS -2P-PE
M6-033,6,N1-L06-033-DF-AREA DO RX -2P-PE
M6-034,6,N1-L06-034-DF-AREA DO RX -2P-PE
M6-035,6,N1-L06-035-DF-AREA DO RX  -2P-PE
M6-036,6,N1-L06-036-DF-AREA DO RX -2P-PE
M6-037,6,N1-L06-037-DF-SALA TECNICA RX -2P-PE
M6-038,6,N1-L06-038-DF-AREA DO RX -2P-PE
M6-039,6,N1-L06-039-DF-AREA DO RX -2P-PE
M6-040,6,N1-L06-040-DF-AREA DO RX -2P-PE
M6-041,6,N1-L06-041-DF-AREA DO RX FILAS -2P-PE
M6-042,6,N1-L06-042-DF-AREA DO RX FILAS -2P-PE
M6-043,6,N1-L06-043-DF-AREA DO RX FILAS -2P-PE
M6-044,6,N1-L06-044-DF-AREA DO RX FILAS -2P-PE
M6-045,6,N1-L06-045-DF-AREA DO RX -2P-PE
M6-046,6,N1-L06-046-DF-WC PROXIMO RX PNE-2P-PE
M6-047,6,N1-L06-047-DF-AREA DO RX -2P-PE
M6-048,6,N1-L06-048-DF-ENTRADA EMBARQUE -2P-PE
M6-049,6,N1-L06-049-DF-ENTRADA EMBARQUE -2P-PE
M6-050,6,N1-L06-050-DF-AREA DO RX -2P-PE
M6-051,6,N1-L06-051-DF-ENTRADA EMBARQUE -2P-PE
M6-052,6,N1-L06-052-DF-X-2P-PE
M6-053,6,N1-L06-053-DF-ENTRADA EMBARQUE -2P-PE
M6-054,6,N1-L06-054-DF-ENTRADA EMBARQUE -2P-PE
M6-055,6,N1-L06-055-DF-ENTRADA EMBARQUE -2P-PE
M6-056,6,N1-L06-056-DF-ENTRADA EMBARQUE -2P-PE
M6-057,6,N1-L6-57-DF-AREA DO EMBARQUE -2P-PE
M6-058,6,N1-L06-058-DF-SL DESCANSO SEGURAN -2P-PE
M6-059,6,N1-L06-059-DF-SL DESCANSO SEGURAN -2P-PE
M6-060,6,N1-L06-060-DF-SL DESCANSO SEGURAN -2P-PE
M6-061,6,N1-L06-061-DF-WC FEMININO -2P-PE
M6-062,6,N1-L06-062-DF-WC  FRALDARIO -2P-PE
M6-063,6,N1-L06-063-DF-SL DESCANSO SEGURAN -2P-PE
M6-064,6,N1-L06-064-DF-SL DESCANSO SEGURAN -2P-PE
M6-065,6,N1-L6-65-DF-EMBARQUE PROX ELEVADOR-2P-PE
M6-066,6,N1-L6-66-DF-EMBARQUE PROX ELEVADOR-2P-PE
M6-067,6,N1-L06-067-MR-ELEVADOR EMBARQUE-2P-PE
M6-068,6,N1-L06-068-MR-ELEVADOR EMBARQUE-2P-PE
M6-069,6,N1-L06-069-DF-EMBARQ PROX ESC ROL-2P-PE
M6-070,6,N1-L06-070-DF-CORREDOR WC -2P-PE
M6-071,6,N1-L06-071-DF-WC FEMINI FRENTE PF-2P-PE
M6-072,6,N1-L6-72-AM-EMBARQUE PROX ELEVADOR-2P-PE
M6-073,6,N1-L6-73-DF-EMBARQUE PROX ELEVADOR-2P-PE
M6-074,6,N1-L6-74-DF-EMBARQUE PROX ELEVADOR-2P-PE
M6-075,6,N1-L6-75-DF-EMBARQUE PROX ELEVADOR-2P-PE
M6-076,6,N1-L6-76-DF-EMBARQUE PROX ELEVADOR-2P-PE
M6-077,6,N1-L06-077-DF-AREA DO EMBARQUE -2P-PE
M6-078,6,N1-L06-078-DF-WC MASCULINO -2P-PE
M6-079,6,N1-L06-079-DF-AREA DO EMBARQUE -2P-PE
M6-080,6,N1-L06-080-DF-AREA DO EMBARQUE -2P-PE
M6-081,6,N1-L06-081-DL-SAGUAO CHECK IN 1 -2P-PE
M6-082,6,N1-L06-082-DL-SAGUAO CHECK IN-2P-PE
M6-083,6,N1-L06-083-DL-AREA CHECK IN 2-2P-PE
M6-084,6,N1-L06-084-DL-AREA CHECK IN 1-2P-PE
M6-085,6,N1-L06-085-DF-CASA DE MAQUINAS-2P-PE
M6-086,6,N1-L06-086-AM-CASA DE MAQUINAS-2P-PE
M6-087,6,N1-L06-087-DF-POLICIA FEDERAL-2P-PE
M6-088,6,N1-L06-088-DF-CASA DE MAQUINAS-2P-PE
M6-089,6,N1-L06-089-MR-CASA DE MAQUINAS-2P-PE
M6-090,6,UNUSED
M6-091,6,N1-L06-091-DF-CASA DE MAQUINAS-2P-PE
M6-092,6,N1-L06-092-DF-CASA DE MAQUINAS-2P-PE
M6-093,6,N1-L06-093-DF-CASA DE MAQUINAS-2P-PE
M6-094,6,UNUSED
M6-095,6,N1-L06-095-DF-CASA DE MAQUINAS-2P-PE
M6-096,6,N1-L06-096-MR-CASA DE MAQUINAS-2P-PE
M6-097,6,N1-L06-097-DF-CASA DE MAQUINAS-2P-PE
M6-098,6,N1-L06-098-DF-CASA DE MAQUINAS-2P-PE
M6-099,6,N1-L06-099-DF-CASA DE MAQUINAS-2P-PE
M6-100,6,N1-L06-100-DF-CASA DE MAQUINAS-2P-PE
M6-101,6,N1-L06-101-DF-CASA DE MAQUINAS-2P-PE
M6-102,6,N1-L06-102-AM-CASA DE MAQUINAS-2P-PE
M6-103,6,N1-L06-103-DF-CASA DE MAQUINAS-2P-PE
M6-104,6,N1-L06-104-DF-CASA DE MAQUINAS-2P-PE
M6-105,6,N1-L06-105-DF-CASA DE MAQUINAS-2P-PE
M6-106,6,N1-L06-106-DF-CASA DE MAQUINAS-2P-PE
M6-107,6,N1-L06-107-DF-CASA DE MAQUINAS-2P-PE
M6-108,6,N1-L06-108-AM-CASA DE MAQUINAS-2P-PE
M6-109,6,N1-L06-109-DF-CASA DE MAQUINAS-2P-PE
M6-110,6,N1-L06-110-DF-CASA DE MAQUINAS-2P-PE
M6-111,6,N1-L06-111-DF-CASA DE MAQUINAS-2P-PE
M6-112,6,N1-L06-112-MR-CASA DE MAQUINAS-2P-PE
M6-113,6,N1-L06-113-DF-CASA DE MAQUINAS-2P-PE
M6-114,6,N1-L06-114-DF-CASA DE MAQUINAS-2P-PE
M6-115,6,N1-L06-115-DF-CASA DE MAQUINAS-2P-PE
M6-116,6,N1-L06-116-DF-X-2P-PE
M6-117,6,N1-L06-117-AM-FRENTE AUDITORIO-2P-PE
M6-118,6,N1-L6-118-DF-SL TECNICA TTE  20-2P-PE
M6-119,6,N1-L06-119-DF-EMBAR PROX ELEVADOR-2P-PE
M6-120,6,N1-L06-120-DF-CASA DE MAQUINAS-2P-PE
M6-121,6,N1-L06-121-DF-AUDITORIO -2P-PE
M6-122,6,N1-L06-122-DF-AUDITORIO -2P-PE
M6-123,6,N1-L06-123-DF-AUDITORIO -2P-PE
M6-124,6,N1-L06-124-DF-AUDITORIO -2P-PE
M6-125,6,UNUSED
M6-126,6,UNUSED
M6-127,6,N1-L06-127-DF-AUDITORIO -2P-PE
M6-128,6,N1-L06-128-DF-AUDITORIO -2P-PE
M6-129,6,N1-L06-129-DF-POLICIA FEDERAL-2P-PE
M6-130,6,N1-L06-130-DF-POLICIA FEDERAL-2P-PE
M6-131,6,N1-L06-131-DF-POLICIA FEDERAL-2P-PE
M6-132,6,UNUSED
M6-133,6,UNUSED
M6-134,6,N1-L06-134-DF-WC FEMINI FRENTE PF-2P-PE
M6-135,6,N1-L06-135-DF-X-2P-PE
M6-136,6,N1-L06-136-DF-CASA GOVERNADOR-2P-PE
M6-137,6,N1-L06-137-DF-CASA GOVERNADOR-2P-PE
M6-138,6,N1-L06-138-DF-CASA GOVERNADOR-2P-PE
M6-139,6,N1-L06-139-DF-POLICIA FEDERAL-2P-PE
M6-140,6,N1-L06-140-DF-POLICIA FEDERAL-2P-PE
M6-141,6,N1-L06-141-DF-POLICIA FEDERAL-2P-PE
M6-142,6,N1-L06-142-DF-POLICIA FEDERAL-2P-PE
M6-143,6,N1-L06-143-DF-WC MASCU FRENTE PF-2P-PE
M6-144,6,N1-L06-144-DF-CASA GOVERNADOR-2P-PE
M6-145,6,N1-L06-145-DF-CASA GOVERNADOR-2P-PE
M6-146,6,N1-L06-146-DF-CASA GOVERNADOR-2P-PE
M6-147,6,UNUSED
M6-148,6,N1-L06-148-DF-X-2P-PE
M6-149,6,N1-L06-149-DF-CASA GOVERNADOR-2P-PE
M6-150,6,N1-L06-150-DF-CASA GOVERNADOR-2P-PE
M6-151,6,N1-L06-151-AM-FRENTE POLICIA FEDER-2P-PE
M6-152,6,N1-L06-152-DF-POLICIA FEDERAL-2P-PE
M6-153,6,N1-L06-153-DF-POLICIA FEDERAL-2P-PE
M6-154,6,N1-L06-154-DF-POLICIA FEDERAL-2P-PE
M6-155,6,N1-L06-155-DF-POLICIA FEDERAL-2P-PE
M6-156,6,N1-L06-156-DF-POLICIA FEDERAL-2P-PE
M6-157,6,N1-L06-157-DF-POLICIA FEDERAL-2P-PE
M6-158,6,UNUSED
M6-159,6,UNUSED
M6-160,6,UNUSED
M6-161,6,UNUSED
M6-162,6,UNUSED
M6-163,6,UNUSED
M6-164,6,N1-L06-164-DF-SALA AIS -2P-PE
M6-165,6,N1-L06-165-DF-POLICIA FEDERAL-2P-PE
M6-166,6,N1-L06-166-DF-PROX PORTA BLINDEX -2P-PE
M6-167,6,UNUSED
M6-168,6,N1-L06-168-DF-FRENTE SALA ANAC-2P-PE
M6-169,6,N1-L06-169-DF-SALA ANAC-2P-PE
M6-170,6,N1-L06-170-DF-SALA ANAC-2P-PE
M6-171,6,N1-L06-171-MI-WC PROXIMO RX -2P-PE
M6-172,6,N1-L06-172-DF-ACESSO PORTA BLINDEX-2P-PE
M6-173,6,N1-L06-173-DF-SALA ANAC-2P-PE
M6-174,6,N1-L06-174-DF-SALA ANAC-2P-PE
M6-175,6,UNUSED
M6-176,6,N1-L6-176-DF-CORR WC PORTA BLINDEX-2P-PE
M6-177,6,UNUSED
M6-178,6,N1-L06-178-AM-ACESSO PORTA BLINDEX-2P-PE
M6-179,6,N1-L06-179-DF-SALA ANAC-2P-PE
M6-180,6,N1-L06-180-DF-SALA ANAC-2P-PE
M6-181,6,N1-L06-181-DF-SL DESCANSO SEGURAN -2P-PE
M6-182,6,N1-L06-182-DF-SL DESCANSO SEGURAN -2P-PE
M6-183,6,N1-L06-183-DF-CASA GOVERNADOR-2P-PE
M6-184,6,N1-L06-184-DF-CASA GOVERNADOR-2P-PE
M6-185,6,N1-L06-185-DF-CASA GOVERNADOR-2P-PE
M6-186,6,N1-L06-186-MI-CASA DE MAQUINAS-2P-PE
M6-187,6,N1-L06-187-DF-AREA DO RX FILAS -2P-PE
M6-188,6,N1-L06-188-DF-AREA DO RX FILAS -2P-PE
M6-189,6,N1-L06-189-DF-AREA DO RX  -2P-PE
M6-190,6,N1-L06-190-DF-AREA DO RX  -2P-PE
M6-191,6,N1-L06-191-DF-AREA DO RX -2P-PE
M6-192,6,N1-L06-192-DF-AREA DO RX -2P-PE
M6-193,6,N1-L06-193-DF-AREA DO RX FILAS -2P-PE
M6-194,6,N1-L06-194-DF-AREA DO RX FILAS -2P-PE
M6-195,6,N1-L06-195-DF-AREA DO RX FILAS -2P-PE
M6-196,6,N1-L06-196-DF-AREA DO RX FILAS -2P-PE
M6-197,6,N1-L06-197-DF-AREA DO RX FILAS -2P-PE
M6-198,6,N1-L06-198-DF-AREA DO RX FILAS -2P-PE
M6-199,6,N1-L06-199-DF-AREA DO RX -2P-PE
M6-200,6,N1-L06-200-DF-AREA DO RX -2P-PE
M6-201,6,N1-L06-201-DF-AREA DO RX FILAS -2P-PE
M6-202,6,N1-L06-202-DF-AREA DO RX FILAS -2P-PE
M6-203,6,N1-L06-203-DF-AREA DO RX FILAS -2P-PE
M6-204,6,N1-L06-204-DF-AREA DO RX -2P-PE
M6-205,6,N1-L06-205-DF-AREA DO RX -2P-PE
M6-206,6,N1-L06-206-DF-WC PROXIMO RX -2P-PE
M6-207,6,N1-L06-207-DF-ENTRADA EMBARQUE -2P-PE
M6-208,6,N1-L06-208-DF-ENTRADA EMBARQUE -2P-PE
M6-209,6,N1-L06-209-DF-ENTRADA EMBARQUE -2P-PE
M6-210,6,N1-L06-210-DF-ENTRADA EMBARQUE -2P-PE
M6-211,6,N1-L06-211-DF-SL TECNICA TTE  20-2P-PE
M6-212,6,UNUSED
M6-213,6,UNUSED
M6-214,6,N1-L06-214-MI-AREA DO RX FILAS -2P-PE
M6-215,6,UNUSED
M6-216,6,N1-L06-216-MI-AREA DO EMBARQUE -2P-PE
M6-217,6,UNUSED
M6-218,6,UNUSED
M6-219,6,UNUSED
M6-220,6,UNUSED
M6-221,6,UNUSED
M6-222,6,N1-L06-222-DF-WC  FRALDARIO -2P-PE
M6-223,6,N1-L06-223-DF-WC FEMININO -2P-PE
M6-224,6,N1-L06-224-DF-SL DENTRO AUDITORIO-2P-PE
M6-225,6,N1-L06-225-DF-CORREDOR WC -2P-PE
M6-226,6,N1-L06-226-DF-WC MASCULINO -2P-PE
M6-227,6,N1-L06-227-DF-WC PROXIMO RX -2P-PE
M6-228,6,N1-L06-228-DF-WC PROXIMO RX -2P-PE
M6-229,6,N1-L06-229-DF-WC PROXIMO RX -2P-PE
M6-230,6,N1-L06-230-DF-CASA MAQ AR CONDICIN-2P-PE
M6-231,6,N1-L06-231-DF-CASA MAQ AR CONDICIN-2P-PE
M6-232,6,N1-L06-232-DF-CASA MAQ AR CONDICIN-2P-PE
M6-233,6,N1-L06-233-DF-CASA MAQ AR CONDICIN-2P-PE
M6-234,6,N1-L06-234-DF-CASA MAQ AR CONDICIN-2P-PE
M6-235,6,N1-L06-235-MR-CASA MAQ AR CONDICIN-2P-PE
M6-236,6,N1-L06-236-MR-CASA MAQ AR CONDICIN-2P-PE
M6-237,6,N1-L06-237-DF-CASA MAQ AR CONDICIN-2P-PE
M6-238,6,N1-L06-238-DF-EMBAR PROX ELEVADOR-2P-PE
M6-239,6,N1-L06-239-DF-SALA  DE REVISTA RX -2P-PE
M6-240,6,N1-L06-240-DF-AREA DO RX FILAS -2P-PE
M6-241,6,N1-L06-241-DF-SALA  DE REVISTA RX -2P-PE
M6-242,6,N1-L06-242-DF-CASA MAQ SM-301-2P-PE
M6-243,6,N1-L06-243-DF-AREA DO RX -2P-PE
M6-244,6,N1-L06-244-DF-WC SL DEP MATERIAIS -2P-PE
M6-245,6,N1-L06-245-DF-SL DESCANSO SEGURAN -2P-PE
M6-246,6,N1-L06-246-DF-ENTRADA EMBARQUE -2P-PE
M6-247,6,N1-L06-247-DF-WC PROXIMO RX -2P-PE
M6-248,6,UNUSED
M6-249,6,N1-L06-249-DF-CASA MAQ SM-301-2P-PE
M6-250,6,N1-L06-250-DF-CASA MAQ SM-301-2P-PE
M7-001,7,N1-L07-001-DF-WC MASCULINO CCO-3P-PE
M7-002,7,N1-L07-002-DF-WC FEMININO CCO-3P-PE
M7-003,7,N1-L07-003-DF-WC FEMININO CCO-3P-PE
M7-004,7,N1-L07-004-DF-WC MASCULINO CCO-3P-PE
M7-005,7,N1-L07-005-DT-CASA MAQ AR CONDICIO-3P-PE
M7-006,7,N1-L07-006-DF-SALA TECNICA CCO-3P-PE
M7-007,7,N1-L07-007-DF-SALA REUNIAO-3P-PE
M7-008,7,N1-L07-008-DF-COPA CCO-3P-PE
M7-009,7,N1-L07-009-DF-SALA COMPUTAR CCO-3P-PE
M7-010,7,N1-L07-010-DF-SALA COMPUTAR CCO-3P-PE
M7-011,7,N1-L07-011-DF-CCO-3P-PE
M7-012,7,N1-L07-012-DF-CCO-3P-PE
M7-013,7,N1-L07-013-DF-CCO-3P-PE
M7-014,7,N1-L07-014-DF-CCO-3P-PE
M7-015,7,N1-L07-015-DF-CCO-3P-PE
M7-016,7,N1-L07-016-DF-CCO-3P-PE
M7-017,7,N1-L07-017-DF-CCO-3P-PE
M7-018,7,N1-L07-018-DF-CCO-3P-PE
M7-019,7,N1-L07-019-DF-CCO-3P-PE
M7-020,7,N1-L07-020-DF-CIRCULACAO CCO-3P-PE
M7-021,7,N1-L07-021-DF-CCO-3P-PE
M7-022,7,N1-L07-022-DF-CIRCULACAO MANUT-2P-PE
M7-023,7,N1-L07-023-DF-CIRCULACAO MANUT-2P-PE
M7-024,7,N1-L07-024-DF-CORREDOR PROX MANUT-2P-PE
M7-025,7,N1-L07-025-DF-CORREDOR PROX MANUT-2P-PE
M7-026,7,N1-L07-026-AM-CIRCULACAO-2P-PE
M7-027,7,N1-L07-027-DF-PRESIDENCIA ADM-2P-PE
M7-028,7,N1-L07-028-DF-PRESIDENCIA ADM-2P-PE
M7-029,7,UNUSED
M7-030,7,N1-L07-030-DF-CIRCULACAO-2P-PE
M7-031,7,UNUSED
M7-032,7,N1-L07-032-DF-CIRCULACAO-2P-PE
M7-033,7,N1-L07-033-DF-CIRCULACAO-2P-PE
M7-034,7,N1-L07-034-AM-CIRCULACAO-2P-PE
M7-035,7,N1-L07-035-DF-CIRCULACAO-2P-PE
M7-036,7,N1-L07-036-DF-CIRCULACAO-2P-PE
M7-037,7,N1-L07-037-DF-CIRCULACAO-2P-PE
M7-038,7,UNUSED
M7-039,7,N1-L07-039-DF-CIRCULACAO-2P-PE
M7-040,7,N1-L07-040-AM-CIRCULACAO-2P-PE
M7-041,7,N1-L07-041-DF-RECEPCAO -2P-PE
M7-042,7,N1-L07-042-DF-RECEPCAO -2P-PE
M7-043,7,N1-L07-043-DF-RECEPCAO -2P-PE
M7-044,7,N1-L07-044-DF-RECEPCAO -2P-PE
M7-045,7,N1-L07-045-DF-X-2P-PE
M7-046,7,N1-L07-046-DF-CIRCULACAO-2P-PE
M7-047,7,N1-L07-047-DF-CREDENCIAMENTO-2P-PE
M7-048,7,N1-L07-048-DF-CREDENCIAMENTO-2P-PE
M7-049,7,N1-L07-049-DF-CREDENCIAMENTO-2P-PE
M7-050,7,N1-L07-050-DF-SALA THYSSEN-2P-PE
M7-051,7,N1-L07-051-DF-SALA THYSSEN-2P-PE
M7-052,7,N1-L07-052-DF-SALA TARIFA-2P-PE
M7-053,7,N1-L07-053-DF-CIRCULACAO-2P-PE
M7-054,7,N1-L07-054-DF-CIRCULACAO-2P-PE
M7-055,7,N1-L07-055-DF-CREDENCIAMENTO-2P-PE
M7-056,7,N1-L07-056-DF-SALA TREINAMENTO-2P-PE
M7-057,7,N1-L07-057-DF-SALA DE ARQUIVOS-2P-PE
M7-058,7,N1-L07-058-DF-CIRCULACAO-2P-PE
M7-059,7,N1-L07-059-DF-SALA DE ARQUIVOS-2P-PE
M7-060,7,N1-L07-060-DF-X-2P-PE
M7-061,7,N1-L07-061-DF-CIRCULACAO-2P-PE
M7-062,7,N1-L07-062-DF-CIRCULACAO-2P-PE
M7-063,7,N1-L07-063-DF-X-2P-PE
M7-064,7,N1-L07-064-DF-CIRCULACAO-2P-PE
M7-065,7,N1-L07-065-AM-CIRCULACAO-2P-PE
M7-066,7,N1-L07-066-DF-CIRCULACAO-2P-PE
M7-067,7,UNUSED
M7-068,7,N1-L07-068-DF-SALA COFFE BREAK-2P-PE
M7-069,7,UNUSED
M7-070,7,N1-L07-070-DF-SALA TREINAMENTO 1-2P-PE
M7-071,7,UNUSED
M7-072,7,N1-L07-072-DF-SALA TREINAMENTO 1-2P-PE
M7-073,7,N1-L07-073-DF-ARQUIVO SL TREINAMEN-2P-PE
M7-074,7,N1-L07-074-DF-SALA TREINAMENTO-2P-PE
M7-075,7,N1-L07-075-DF-SALA TREINAMENTO-2P-PE
M7-076,7,N1-L07-076-DF-SALA ESPERA -TREINAM-2P-PE
M7-077,7,N1-L07-077-DF-SALA REUNIAO-2P-PE
M7-078,7,N1-L07-078-DF-SALA TREINAMENTO-2P-PE
M7-079,7,N1-L07-079-DF-SALA PROJETOS-2P-PE
M7-080,7,N1-L07-080-DF-SALA PROJETOS-2P-PE
M7-081,7,N1-L07-081-DF-SALA PROJETOS-2P-PE
M7-082,7,N1-L07-082-DF-SALA PROJETOS-ARQUIV-2P-PE
M7-083,7,N1-L07-083-DF-ADMINISTRACAO-2P-PE
M7-084,7,N1-L07-084-DF-ADMINISTRACAO-2P-PE
M7-085,7,N1-L07-085-DF-ADMINISTRACAO-2P-PE
M7-086,7,N1-L07-086-DF-ADMINISTRACAO-2P-PE
M7-087,7,N1-L07-087-DF-ADMINISTRACAO-2P-PE
M7-088,7,N1-L07-088-DF-ADMINISTRACAO-2P-PE
M7-089,7,N1-L07-089-DF-ADMINISTRACAO-2P-PE
M7-090,7,UNUSED
M7-091,7,N1-L07-091-DF-ADMINISTRACAO-2P-PE
M7-092,7,N1-L07-092-DF-ADMINISTRACAO-2P-PE
M7-093,7,N1-L07-093-DF-ADMINISTRACAO-2P-PE
M7-094,7,N1-L07-094-DF-ADMINISTRACAO-2P-PE
M7-095,7,N1-L07-095-AM-ADMINISTRACAO-2P-PE
M7-096,7,N1-L07-096-DF-X-2P-PE
M7-097,7,UNUSED
M7-098,7,N1-L07-098-DF-X-2P-PE
M7-099,7,UNUSED
M7-100,7,N1-L07-100-DF-SL REUNIAO PRESIDENC-2P-PE
M7-101,7,N1-L07-101-DF-SL REUNIAO PRESIDENC-2P-PE
M7-102,7,N1-L07-102-DF-ADMINISTRACAO-2P-PE
M7-103,7,UNUSED
M7-104,7,N1-L07-104-DF-CORREDOR PROX MANUT-2P-PE
M7-105,7,N1-L07-105-DF-CORREDOR PROX MANUT-2P-PE
M7-106,7,N1-L07-106-AM-CORREDOR PROX MANUT-2P-PE
M7-107,7,N1-L07-107-DF-SALA PELOURINHO-2P-PE
M7-108,7,N1-L07-108-DF-WC MASCU PROX MANUTE-2P-PE
M7-109,7,N1-L07-109-DF-DEPOSITO-2P-PE
M7-110,7,N1-L07-110-DF-SALA ESTAR PELOURINH-2P-PE
M7-111,7,N1-L07-111-DF-WC FEMIN PROX MANUTE-2P-PE
M7-112,7,N1-L07-112-DF-ENTRADA MANUTENCAO-2P-PE
M7-113,7,N1-L07-113-DF-ENTRADA MANUTENCAO-2P-PE
M7-114,7,N1-L07-114-DF-ENTRADA MANUTENCAO-2P-PE
M7-115,7,N1-L07-115-DF-ENTRADA MANUTENCAO-2P-PE
M7-116,7,N1-L07-116-DF-SALA OPERACAO-2P-PE
M7-117,7,N1-L07-117-DF-SALA OPERACAO-2P-PE
M7-118,7,N1-L07-118-DF-SALA OPERACAO-2P-PE
M7-119,7,N1-L07-119-DF-SALA OPERACAO-2P-PE
M7-120,7,N1-L07-120-DF-SALA MANUTENCAO-2P-PE
M7-121,7,UNUSED
M7-122,7,N1-L07-122-DF-SALA MANUTENCAO-2P-PE
M7-123,7,N1-L07-123-DF-SALA MANUTENCAO-2P-PE
M7-124,7,N1-L07-124-DF-SALA MANUTENCAO-2P-PE
M7-125,7,N1-L07-125-DF-X-2P-PE
M7-126,7,N1-L07-126-DF-SALA MANUTENCAO-2P-PE
M7-127,7,N1-L07-127-DF-CREDENCIAMENTO-2P-PE
M7-128,7,UNUSED
M7-129,7,N1-L07-129-DF-CIRCULACAO-2P-PE
M7-130,7,N1-L07-130-DF-DEPOSITO MOVEIS-2P-PE
M7-131,7,N1-L07-131-DF-DEPOSITO MOVEIS-2P-PE
M7-132,7,N1-L07-132-DF-WC MASCU PROX MANUTE-2P-PE
M7-133,7,N1-L07-133-DF-WC FEMIN PROX MANUTE-2P-PE
M7-134,7,UNUSED
M7-135,7,UNUSED
M7-136,7,N1-L07-136-AM-DEPOSITO MOVEIS-2P-PE
M7-137,7,N1-L07-137-DF-DEPOSITO MOVEIS-2P-PE
M7-138,7,UNUSED
M7-139,7,N1-L07-139-DF-DEPOSITO-2P-PE
M7-140,7,N1-L07-140-DF-SALA MAQ AR CONDICIO-2P-PE
M7-141,7,N1-L07-141-DF-DEPOSITO MOVEIS-2P-PE
M7-142,7,N1-L07-142-DF- DEPOSITO MOVEIS-2P-PE
M7-143,7,N1-L07-143-DF-DEPOSITO MOVEIS-2P-PE
M7-144,7,N1-L07-144-DF-DEPOSITO MOVEIS-2P-PE
M7-145,7,N1-L07-145-DF-SALA DE ARQUIVOS-2P-PE
M7-146,7,UNUSED
M7-147,7,N1-L07-147-DF-SALA FAROL ITAPUAN-2P-PE
M7-148,7,N1-L07-148-DF-SALA FAROL DA BARRA-2P-PE
M7-149,7,N1-L7-149-DF-SALA FAROL DO HUMAITA-2P-PE
M7-150,7,N1-L07-150-DF-SALA DE ARQUIVOS-2P-PE
M7-151,7,N1-L07-151-DF-SALA DE ARQUIVOS-2P-PE
M7-152,7,N1-L07-152-DF-SALA MAQ AR CONDICIO-2P-PE
M7-153,7,N1-L07-153-DF-SALA MAQ AR CONDICIO-2P-PE
M7-154,7,N1-L07-154-DF-SALA MAQ AR CONDICIO-2P-PE
M7-155,7,N1-L07-155-DF-SALA TI-2P-PE
M7-156,7,N1-L07-156-DF-SALA TI-2P-PE
M7-157,7,N1-L07-157-DF-SALA TELEMATICA-2P-PE
M7-158,7,N1-L07-158-DF-SALA TELEMATICA-2P-PE
M7-159,7,N1-L07-159-DF-SALA FAROL MAR GRAND-2P-PE
M7-160,7,N1-L07-160-DF-SALA GERENCIADORA-2P-PE
M7-161,7,N1-L07-161-DF-SALA GERENCIADORA-2P-PE
M7-162,7,N1-L07-162-DF-SALA PROX TELEMATICA-2P-PE
M7-163,7,N1-L07-163-DF-SALA PROX TELEMATICA-2P-PE
M7-164,7,N1-L07-164-DF-SALA MEDICO-2P-PE
M7-165,7,N1-L07-165-DF-CIRCULACAO-2P-PE
M7-166,7,N1-L07-166-DF-CIRCULACAO-2P-PE
M7-167,7,N1-L07-167-AM-CIRCULACAO -2P-PE
M7-168,7,N1-L07-168-DF-SALA DEPOSITO 2 -2P-PE
M7-169,7,N1-L07-169-DF-CIRCULACAO -2P-PE
M7-170,7,N1-L07-170-DF-CIRCULACAO-2P-PE
M7-171,7,N1-L07-171-DF-CIRCULACAO-2P-PE
M7-172,7,N1-L07-172-DF-CIRCULACAO-2P-PE
M7-173,7,N1-L07-173-DF-ARQUICO CONTABIL-2P-PE
M7-174,7,N1-L07-174-DF-REFEITORIO-2P-PE
M7-175,7,N1-L07-175-DF-REFEITORIO-2P-PE
M7-176,7,N1-L07-176-DF-WC MASCULINO-2P-PE
M7-177,7,N1-L07-177-DF-WC FEMININO-2P-PE
M7-178,7,N1-L07-178-DF-WC FEMININO-2P-PE
M7-179,7,N1-L07-179-DF-WC MASCULINO-2P-PE
M7-180,7,N1-L07-180-DF-COPA-2P-PE
M7-181,7,N1-L07-181-DF-COPA-2P-PE
M7-182,7,N1-L7-182-DF-CIRCULACA FRENTE COPA-2P-PE
M7-183,7,N1-L7-183-DF-CIRCULACA FRENTE COPA-2P-PE
M7-184,7,UNUSED
M7-185,7,UNUSED
M7-186,7,N1-L07-186-DF-WC MASCULINO-2P-PE
M7-187,7,N1-L07-187-DF-WC FEMININO-2P-PE
M7-188,7,N1-L07-188-DF-WC MASCULINO-2P-PE
M7-189,7,N1-L07-189-DF-WC FEMININO-2P-PE
M7-190,7,N1-L07-190-DF-WC ADM-2P-PE
M7-191,7,UNUSED
M7-192,7,UNUSED
M7-193,7,N1-L07-193-DF-WC ADM-2P-PE
M7-194,7,N1-L07-194-DF-BANHEIRO PRESIDENTE 2P-PE
M7-195,7,N1-L07-195-DF-ACESSO BANHEIRO PRESIDENTE
M7-196,7,N1-L07-196-DF-ADMINISTRACAO-2P-PE
M7-197,7,N1-L07-197-DF-ADMINISTRACAO-2P-PE
M7-198,7,N1-L07-198-DF-ADMINISTRACAO-2P-PE
M7-199,7,N1-L07-199-MI-X-2P-PE
M7-200,7,N1-L07-200-MI-X-2P-PE
M7-201,7,N1-L07-201-DF-SALA OPERACAO-2P-PE
M7-202,7,N1-L07-202-MI-X-2P-PE
M7-203,7,UNUSED
M7-204,7,UNUSED
M7-205,7,N1-L07-205-MI-X-2P-PE
M7-206,7,UNUSED
M7-207,7,UNUSED
M7-208,7,UNUSED
M7-209,7,N1-L07-209-DF-SALA ESTAR PELOURINH-2P-PE
M7-210,7,N1-L07-210-DF-SALA PELOURINHO-2P-PE
M7-211,7,N1-L07-211-DF-CIRCULACAO-2P-PE
M7-212,7,N1-L07-212-DF-CIRCULACAO-2P-PE
M7-213,7,UNUSED
M7-214,7,N1-L07-214-DF-DEPOSITO-2P-PE
M7-215,7,N1-L07-215-DF-CCO-3P-PE
M7-216,7,N1-L07-216-DF-CIRCULACAO-2P-PE
M7-217,7,UNUSED
M7-218,7,N1-L07-218-DF-SALA TECNICA CCO-3P-PE
M7-219,7,N1-L07-219-DF-ADMINISTRACAO-2P-PE
M7-220,7,UNUSED
M7-221,7,N1-L07-221-DF-ACESSO SL ARQUIVOS 2P-PE
M7-222,7,N1-L07-222-DF-ACESSO SL ARQUIVOS 2P-PE
M7-223,7,UNUSED
M7-224,7,N1-L07-224-AM-CCO-3P-PE
M7-225,7,N1-L07-225-DF-ADMINISTRACAO-2P-PE
M7-226,7,UNUSED
M7-227,7,N1-L07-227-DF-SALA OPERACAO-2P-PE
M7-228,7,UNUSED
M7-229,7,N1-L07-229-DF-SALA TREINAMENTO-2P-PE
M7-230,7,N1-L07-230-DF-SALA TREINAMENTO-2P-PE
M7-231,7,N1-L07-231-DF-ADMINISTRACAO-2P-PE
M7-232,7,N1-L07-232-DF-WC ADM-2P-PE
M7-233,7,N1-L07-233-DF-SALA DE ARQUIVOS-2P-PE
M7-234,7,N1-L07-234-MI-X-2P-PE
M7-235,7,N1-L07-235-DF-COPA-3P-PE
M7-236,7,N1-L07-236-DF-SALA MANUTENCAO-2P-PE
M7-237,7,N1-L07-237-DF-CIRCULACAO-2P-PE
M7-238,7,N1-L07-238-DF-DEPOSITO MOVEIS-2P-PE
M7-239,7,N1-L07-239-DF-DEPOSITO MOVEIS-2P-PE
M7-240,7,N1-L07-240-DF-DEPOSITO MOVEIS-2P-PE
M7-241,7,N1-L07-241-DF-DEPOSITO MOVEIS-2P-PE
M7-242,7,N1-L07-242-DF-ADMINISTRACAO-2P-PE
M7-243,7,N1-L07-243-DF-ADMINISTRACAO-2P-PE
M7-244,7,N1-L07-244-DF-ADMINISTRACAO-2P-PE
M7-245,7,N1-L07-245-DF-SALA MAQ AR CONDICIO-2P-PE
M7-246,7,N1-L07-246-DF-ARQUICO CONTABIL-2P-PE
M7-247,7,N1-L07-247-DF-CIRCULACAO-2P-PE
M7-248,7,N1-L07-248-DF-SALA REUNIAO-3P-PE
M7-249,7,N1-L07-249-DF-CCO-3P-PE
M7-250,7,N1-L07-250-DF-CIRCULACAO CCO-3P-PE
M8-001,8,N1-L07-001-DF-WC MASCULINO CCO-3P-PE
M8-002,8,N1-L07-002-DF-WC FEMININO CCO-3P-PE
M8-003,8,N1-L07-003-DF-WC FEMININO CCO-3P-PE
M8-004,8,N1-L07-004-DF-WC MASCULINO CCO-3P-PE
M8-005,8,N1-L07-005-DT-CASA MAQ AR CONDICIO-3P-PE
M8-006,8,N1-L07-006-DF-SALA TECNICA CCO-3P-PE
M8-007,8,N1-L07-007-DF-SALA REUNIAO-3P-PE
M8-008,8,N1-L07-008-DF-COPA CCO-3P-PE
M8-009,8,N1-L07-009-DF-SALA COMPUTAR CCO-3P-PE
M8-010,8,N1-L07-010-DF-SALA COMPUTAR CCO-3P-PE
M8-011,8,N1-L07-011-DF-CCO-3P-PE
M8-012,8,N1-L07-012-DF-CCO-3P-PE
M8-013,8,N1-L07-013-DF-CCO-3P-PE
M8-014,8,N1-L07-014-DF-CCO-3P-PE
M8-015,8,N1-L07-015-DF-CCO-3P-PE
M8-016,8,N1-L07-016-DF-CCO-3P-PE
M8-017,8,N1-L07-017-DF-CCO-3P-PE
M8-018,8,N1-L07-018-DF-CCO-3P-PE
M8-019,8,N1-L07-019-DF-CCO-3P-PE
M8-020,8,N1-L07-020-DF-CIRCULACAO CCO-3P-PE
M8-021,8,N1-L07-021-DF-CCO-3P-PE
M8-022,8,N1-L07-022-DF-CIRCULACAO MANUT-2P-PE
M8-023,8,N1-L07-023-DF-CIRCULACAO MANUT-2P-PE
M8-024,8,N1-L07-024-DF-CORREDOR PROX MANUT-2P-PE
M8-025,8,N1-L07-025-DF-CORREDOR PROX MANUT-2P-PE
M8-026,8,N1-L07-026-AM-CIRCULACAO-2P-PE
M8-027,8,N1-L07-027-DF-PRESIDENCIA ADM-2P-PE
M8-028,8,N1-L07-028-DF-PRESIDENCIA ADM-2P-PE
M8-029,8,UNUSED
M8-030,8,N1-L07-030-DF-CIRCULACAO-2P-PE
M8-031,8,UNUSED
M8-032,8,N1-L07-032-DF-CIRCULACAO-2P-PE
M8-033,8,N1-L07-033-DF-CIRCULACAO-2P-PE
M8-034,8,N1-L07-034-AM-CIRCULACAO-2P-PE
M8-035,8,N1-L07-035-DF-CIRCULACAO-2P-PE
M8-036,8,N1-L07-036-DF-CIRCULACAO-2P-PE
M8-037,8,N1-L07-037-DF-CIRCULACAO-2P-PE
M8-038,8,UNUSED
M8-039,8,N1-L07-039-DF-CIRCULACAO-2P-PE
M8-040,8,N1-L07-040-AM-CIRCULACAO-2P-PE
M8-041,8,N1-L07-041-DF-RECEPCAO -2P-PE
M8-042,8,N1-L07-042-DF-RECEPCAO -2P-PE
M8-043,8,N1-L07-043-DF-RECEPCAO -2P-PE
M8-044,8,N1-L07-044-DF-RECEPCAO -2P-PE
M8-045,8,N1-L07-045-DF-X-2P-PE
M8-046,8,N1-L07-046-DF-CIRCULACAO-2P-PE
M8-047,8,N1-L07-047-DF-CREDENCIAMENTO-2P-PE
M8-048,8,N1-L07-048-DF-CREDENCIAMENTO-2P-PE
M8-049,8,N1-L07-049-DF-CREDENCIAMENTO-2P-PE
M8-050,8,N1-L07-050-DF-SALA THYSSEN-2P-PE
M8-051,8,N1-L07-051-DF-SALA THYSSEN-2P-PE
M8-052,8,N1-L07-052-DF-SALA TARIFA-2P-PE
M8-053,8,N1-L07-053-DF-CIRCULACAO-2P-PE
M8-054,8,N1-L07-054-DF-CIRCULACAO-2P-PE
M8-055,8,N1-L07-055-DF-CREDENCIAMENTO-2P-PE
M8-056,8,N1-L07-056-DF-SALA TREINAMENTO-2P-PE
M8-057,8,N1-L07-057-DF-SALA DE ARQUIVOS-2P-PE
M8-058,8,N1-L07-058-DF-CIRCULACAO-2P-PE
M8-059,8,N1-L07-059-DF-SALA DE ARQUIVOS-2P-PE
M8-060,8,N1-L07-060-DF-X-2P-PE
M8-061,8,N1-L07-061-DF-CIRCULACAO-2P-PE
M8-062,8,N1-L07-062-DF-CIRCULACAO-2P-PE
M8-063,8,N1-L07-063-DF-X-2P-PE
M8-064,8,N1-L07-064-DF-CIRCULACAO-2P-PE
M8-065,8,N1-L07-065-AM-CIRCULACAO-2P-PE
M8-066,8,N1-L07-066-DF-CIRCULACAO-2P-PE
M8-067,8,UNUSED
M8-068,8,N1-L07-068-DF-SALA COFFE BREAK-2P-PE
M8-069,8,UNUSED
M8-070,8,N1-L07-070-DF-SALA TREINAMENTO 1-2P-PE
M8-071,8,UNUSED
M8-072,8,N1-L07-072-DF-SALA TREINAMENTO 1-2P-PE
M8-073,8,N1-L07-073-DF-ARQUIVO SL TREINAMEN-2P-PE
M8-074,8,N1-L07-074-DF-SALA TREINAMENTO-2P-PE
M8-075,8,N1-L07-075-DF-SALA TREINAMENTO-2P-PE
M8-076,8,N1-L07-076-DF-SALA ESPERA -TREINAM-2P-PE
M8-077,8,N1-L07-077-DF-SALA REUNIAO-2P-PE
M8-078,8,N1-L07-078-DF-SALA TREINAMENTO-2P-PE
M8-079,8,N1-L07-079-DF-SALA PROJETOS-2P-PE
M8-080,8,N1-L07-080-DF-SALA PROJETOS-2P-PE
M8-081,8,N1-L07-081-DF-SALA PROJETOS-2P-PE
M8-082,8,N1-L07-082-DF-SALA PROJETOS-ARQUIV-2P-PE
M8-083,8,N1-L07-083-DF-ADMINISTRACAO-2P-PE
M8-084,8,N1-L07-084-DF-ADMINISTRACAO-2P-PE
M8-085,8,N1-L07-085-DF-ADMINISTRACAO-2P-PE
M8-086,8,N1-L07-086-DF-ADMINISTRACAO-2P-PE
M8-087,8,N1-L07-087-DF-ADMINISTRACAO-2P-PE
M8-088,8,N1-L07-088-DF-ADMINISTRACAO-2P-PE
M8-089,8,N1-L07-089-DF-ADMINISTRACAO-2P-PE
M8-090,8,UNUSED
M8-091,8,N1-L07-091-DF-ADMINISTRACAO-2P-PE
M8-092,8,N1-L07-092-DF-ADMINISTRACAO-2P-PE
M8-093,8,N1-L07-093-DF-ADMINISTRACAO-2P-PE
M8-094,8,N1-L07-094-DF-ADMINISTRACAO-2P-PE
M8-095,8,N1-L07-095-AM-ADMINISTRACAO-2P-PE
M8-096,8,N1-L07-096-DF-X-2P-PE
M8-097,8,UNUSED
M8-098,8,N1-L07-098-DF-X-2P-PE
M8-099,8,UNUSED
M8-100,8,N1-L07-100-DF-SL REUNIAO PRESIDENC-2P-PE
M8-101,8,N1-L07-101-DF-SL REUNIAO PRESIDENC-2P-PE
M8-102,8,N1-L07-102-DF-ADMINISTRACAO-2P-PE
M8-103,8,UNUSED
M8-104,8,N1-L07-104-DF-CORREDOR PROX MANUT-2P-PE
M8-105,8,N1-L07-105-DF-CORREDOR PROX MANUT-2P-PE
M8-106,8,N1-L07-106-AM-CORREDOR PROX MANUT-2P-PE
M8-107,8,N1-L07-107-DF-SALA PELOURINHO-2P-PE
M8-108,8,N1-L07-108-DF-WC MASCU PROX MANUTE-2P-PE
M8-109,8,N1-L07-109-DF-DEPOSITO-2P-PE
M8-110,8,N1-L07-110-DF-SALA ESTAR PELOURINH-2P-PE
M8-111,8,N1-L07-111-DF-WC FEMIN PROX MANUTE-2P-PE
M8-112,8,N1-L07-112-DF-ENTRADA MANUTENCAO-2P-PE
M8-113,8,N1-L07-113-DF-ENTRADA MANUTENCAO-2P-PE
M8-114,8,N1-L07-114-DF-ENTRADA MANUTENCAO-2P-PE
M8-115,8,N1-L07-115-DF-ENTRADA MANUTENCAO-2P-PE
M8-116,8,N1-L07-116-DF-SALA OPERACAO-2P-PE
M8-117,8,N1-L07-117-DF-SALA OPERACAO-2P-PE
M8-118,8,N1-L07-118-DF-SALA OPERACAO-2P-PE
M8-119,8,N1-L07-119-DF-SALA OPERACAO-2P-PE
M8-120,8,N1-L07-120-DF-SALA MANUTENCAO-2P-PE
M8-121,8,UNUSED
M8-122,8,N1-L07-122-DF-SALA MANUTENCAO-2P-PE
M8-123,8,N1-L07-123-DF-SALA MANUTENCAO-2P-PE
M8-124,8,N1-L07-124-DF-SALA MANUTENCAO-2P-PE
M8-125,8,N1-L07-125-DF-X-2P-PE
M8-126,8,N1-L07-126-DF-SALA MANUTENCAO-2P-PE
M8-127,8,N1-L07-127-DF-CREDENCIAMENTO-2P-PE
M8-128,8,UNUSED
M8-129,8,N1-L07-129-DF-CIRCULACAO-2P-PE
M8-130,8,N1-L07-130-DF-DEPOSITO MOVEIS-2P-PE
M8-131,8,N1-L07-131-DF-DEPOSITO MOVEIS-2P-PE
M8-132,8,N1-L07-132-DF-WC MASCU PROX MANUTE-2P-PE
M8-133,8,N1-L07-133-DF-WC FEMIN PROX MANUTE-2P-PE
M8-134,8,UNUSED
M8-135,8,UNUSED
M8-136,8,N1-L07-136-AM-DEPOSITO MOVEIS-2P-PE
M8-137,8,N1-L07-137-DF-DEPOSITO MOVEIS-2P-PE
M8-138,8,UNUSED
M8-139,8,N1-L07-139-DF-DEPOSITO-2P-PE
M8-140,8,N1-L07-140-DF-SALA MAQ AR CONDICIO-2P-PE
M8-141,8,N1-L07-141-DF-DEPOSITO MOVEIS-2P-PE
M8-142,8,N1-L07-142-DF- DEPOSITO MOVEIS-2P-PE
M8-143,8,N1-L07-143-DF-DEPOSITO MOVEIS-2P-PE
M8-144,8,N1-L07-144-DF-DEPOSITO MOVEIS-2P-PE
M8-145,8,N1-L07-145-DF-SALA DE ARQUIVOS-2P-PE
M8-146,8,UNUSED
M8-147,8,N1-L07-147-DF-SALA FAROL ITAPUAN-2P-PE
M8-148,8,N1-L07-148-DF-SALA FAROL DA BARRA-2P-PE
M8-149,8,N1-L7-149-DF-SALA FAROL DO HUMAITA-2P-PE
M8-150,8,N1-L07-150-DF-SALA DE ARQUIVOS-2P-PE
M8-151,8,N1-L07-151-DF-SALA DE ARQUIVOS-2P-PE
M8-152,8,N1-L07-152-DF-SALA MAQ AR CONDICIO-2P-PE
M8-153,8,N1-L07-153-DF-SALA MAQ AR CONDICIO-2P-PE
M8-154,8,N1-L07-154-DF-SALA MAQ AR CONDICIO-2P-PE
M8-155,8,N1-L07-155-DF-SALA TI-2P-PE
M8-156,8,N1-L07-156-DF-SALA TI-2P-PE
M8-157,8,N1-L07-157-DF-SALA TELEMATICA-2P-PE
M8-158,8,N1-L07-158-DF-SALA TELEMATICA-2P-PE
M8-159,8,N1-L07-159-DF-SALA FAROL MAR GRAND-2P-PE
M8-160,8,N1-L07-160-DF-SALA GERENCIADORA-2P-PE
M8-161,8,N1-L07-161-DF-SALA GERENCIADORA-2P-PE
M8-162,8,N1-L07-162-DF-SALA PROX TELEMATICA-2P-PE
M8-163,8,N1-L07-163-DF-SALA PROX TELEMATICA-2P-PE
M8-164,8,N1-L07-164-DF-SALA MEDICO-2P-PE
M8-165,8,N1-L07-165-DF-CIRCULACAO-2P-PE
M8-166,8,N1-L07-166-DF-CIRCULACAO-2P-PE
M8-167,8,N1-L07-167-AM-CIRCULACAO -2P-PE
M8-168,8,N1-L07-168-DF-SALA DEPOSITO 2 -2P-PE
M8-169,8,N1-L07-169-DF-CIRCULACAO -2P-PE
M8-170,8,N1-L07-170-DF-CIRCULACAO-2P-PE
M8-171,8,N1-L07-171-DF-CIRCULACAO-2P-PE
M8-172,8,N1-L07-172-DF-CIRCULACAO-2P-PE
M8-173,8,N1-L07-173-DF-ARQUICO CONTABIL-2P-PE
M8-174,8,N1-L07-174-DF-REFEITORIO-2P-PE
M8-175,8,N1-L07-175-DF-REFEITORIO-2P-PE
M8-176,8,N1-L07-176-DF-WC MASCULINO-2P-PE
M8-177,8,N1-L07-177-DF-WC FEMININO-2P-PE
M8-178,8,N1-L07-178-DF-WC FEMININO-2P-PE
M8-179,8,N1-L07-179-DF-WC MASCULINO-2P-PE
M8-180,8,N1-L07-180-DF-COPA-2P-PE
M8-181,8,N1-L07-181-DF-COPA-2P-PE
M8-182,8,N1-L7-182-DF-CIRCULACA FRENTE COPA-2P-PE
M8-183,8,N1-L7-183-DF-CIRCULACA FRENTE COPA-2P-PE
M8-184,8,UNUSED
M8-185,8,UNUSED
M8-186,8,N1-L07-186-DF-WC MASCULINO-2P-PE
M8-187,8,N1-L07-187-DF-WC FEMININO-2P-PE
M8-188,8,N1-L07-188-DF-WC MASCULINO-2P-PE
M8-189,8,N1-L07-189-DF-WC FEMININO-2P-PE
M8-190,8,N1-L07-190-DF-WC ADM-2P-PE
M8-191,8,UNUSED
M8-192,8,UNUSED
M8-193,8,N1-L07-193-DF-WC ADM-2P-PE
M8-194,8,N1-L07-194-DF-BANHEIRO PRESIDENTE 2P-PE
M8-195,8,N1-L07-195-DF-ACESSO BANHEIRO PRESIDENTE
M8-196,8,N1-L07-196-DF-ADMINISTRACAO-2P-PE
M8-197,8,N1-L07-197-DF-ADMINISTRACAO-2P-PE
M8-198,8,N1-L07-198-DF-ADMINISTRACAO-2P-PE
M8-199,8,N1-L07-199-MI-X-2P-PE
M8-200,8,N1-L07-200-MI-X-2P-PE
M8-201,8,N1-L07-201-DF-SALA OPERACAO-2P-PE
M8-202,8,N1-L07-202-MI-X-2P-PE
M8-203,8,UNUSED
M8-204,8,UNUSED
M8-205,8,N1-L07-205-MI-X-2P-PE
M8-206,8,UNUSED
M8-207,8,UNUSED
M8-208,8,UNUSED
M8-209,8,N1-L07-209-DF-SALA ESTAR PELOURINH-2P-PE
M8-210,8,N1-L07-210-DF-SALA PELOURINHO-2P-PE
M8-211,8,N1-L07-211-DF-CIRCULACAO-2P-PE
M8-212,8,N1-L07-212-DF-CIRCULACAO-2P-PE
M8-213,8,UNUSED
M8-214,8,N1-L07-214-DF-DEPOSITO-2P-PE
M8-215,8,N1-L07-215-DF-CCO-3P-PE
M8-216,8,N1-L07-216-DF-CIRCULACAO-2P-PE
M8-217,8,UNUSED
M8-218,8,N1-L07-218-DF-SALA TECNICA CCO-3P-PE
M8-219,8,N1-L07-219-DF-ADMINISTRACAO-2P-PE
M8-220,8,UNUSED
M8-221,8,N1-L07-221-DF-ACESSO SL ARQUIVOS 2P-PE
M8-222,8,N1-L07-222-DF-ACESSO SL ARQUIVOS 2P-PE
M8-223,8,UNUSED
M8-224,8,N1-L07-224-AM-CCO-3P-PE
M8-225,8,N1-L07-225-DF-ADMINISTRACAO-2P-PE
M8-226,8,UNUSED
M8-227,8,N1-L07-227-DF-SALA OPERACAO-2P-PE
M8-228,8,UNUSED
M8-229,8,N1-L07-229-DF-SALA TREINAMENTO-2P-PE
M8-230,8,N1-L07-230-DF-SALA TREINAMENTO-2P-PE
M8-231,8,N1-L07-231-DF-ADMINISTRACAO-2P-PE
M8-232,8,N1-L07-232-DF-WC ADM-2P-PE
M8-233,8,N1-L07-233-DF-SALA DE ARQUIVOS-2P-PE
M8-234,8,N1-L07-234-MI-X-2P-PE
M8-235,8,N1-L07-235-DF-COPA-3P-PE
M8-236,8,N1-L07-236-DF-SALA MANUTENCAO-2P-PE
M8-237,8,N1-L07-237-DF-CIRCULACAO-2P-PE
M8-238,8,N1-L07-238-DF-DEPOSITO MOVEIS-2P-PE
M8-239,8,N1-L07-239-DF-DEPOSITO MOVEIS-2P-PE
M8-240,8,N1-L07-240-DF-DEPOSITO MOVEIS-2P-PE
M8-241,8,N1-L07-241-DF-DEPOSITO MOVEIS-2P-PE
M8-242,8,N1-L07-242-DF-ADMINISTRACAO-2P-PE
M8-243,8,N1-L07-243-DF-ADMINISTRACAO-2P-PE
M8-244,8,N1-L07-244-DF-ADMINISTRACAO-2P-PE
M8-245,8,N1-L07-245-DF-SALA MAQ AR CONDICIO-2P-PE
M8-246,8,N1-L07-246-DF-ARQUICO CONTABIL-2P-PE
M8-247,8,N1-L07-247-DF-CIRCULACAO-2P-PE
M8-248,8,N1-L07-248-DF-SALA REUNIAO-3P-PE
M8-249,8,N1-L07-249-DF-CCO-3P-PE
M8-250,8,N1-L07-250-DF-CIRCULACAO CCO-3P-PE
M9-001,9,N1-L09-001-DF-ESCA ROLAN DESEM -1P-PE
M9-002,9,N1-L09-002-DF-WC 106-1P-PE
M9-003,9,N1-L09-003-DF-WC 106-1P-PE
M9-004,9,N1-L09-004-DF-WC 106-1P-PE
M9-005,9,N1-L09-005-DF-WC 106-1P-PE
M9-006,9,N1-L09-006-DF-WC 106-1P-PE
M9-007,9,N1-L09-007-DF-WC 106-1P-PE
M9-008,9,N1-L09-008-DF-WC 106-1P-PE
M9-009,9,N1-L09-009-DF-WC 106-1P-PE
M9-010,9,N1-L09-010-MZ-LOJA RAS104-1P-PE
M9-011,9,UNUSED
M9-012,9,N1-L09-012-MZ-LOJA RAS 104A-1P-PE
M9-013,9,N1-L09-13-DF-CORR ACESSO GATE 18-1P-PE
M9-014,9,N1-L09-014-MZ-LOJA RAS 104C-1P-PE
M9-015,9,N1-L09-015-DF-FRENTE LOJA RAS 103-1P-PE
M9-016,9,N1-L09-016-MZ-LOJA RAS 102-1P-PE
M9-017,9,N1-L09-017-DF-CORR ACESSO GATE 18-1P-PE
M9-018,9,N1-L09-018-DF-CORR ACESSO GATE 18-1P-PE
M9-019,9,N1-L09-019-DF-CORR ACESSO GATE 18-1P-PE
M9-020,9,N1-L09-020-DF-CORR ACESSO GATE 18-1P-PE
M9-021,9,N1-L09-021-DF-CORR ACESSO GATE 18-1P-PE
M9-022,9,N1-L09-022-DF-CORR ACESSO GATE 18-1P-PE
M9-023,9,N1-L09-023-DF-CORR ACESSO GATE 18-1P-PE
M9-024,9,N1-L09-024-DF-CORR ACESSO GATE 18-1P-PE
M9-025,9,N1-L09-025-DF-CORR ACESSO GATE 18-1P-PE
M9-026,9,N1-L09-026-DF-CORR ACESSO GATE 18-1P-PE
M9-027,9,N1-L09-027-DF-CORR ACESSO GATE 18-1P-PE
M9-028,9,N1-L09-028-DF-CORR ACESSO GATE 18-1P-PE
M9-029,9,N1-L09-029-DF-CORR ACESSO GATE 18-1P-PE
M9-030,9,N1-L09-030-DF-CORR ACESSO GATE 18-1P-PE
M9-031,9,N1-L09-031-DF-CORR ACESSO GATE 18-1P-PE
M9-032,9,N1-L09-032-DF-CORR ACESSO GATE 18-1P-PE
M9-033,9,N1-L09-033-MZ-LOJA-1P-PE
M9-034,9,N1-L09-034-DF-WC 11-1P-PE
M9-035,9,N1-L09-035-DF-WC 11-1P-PE
M9-036,9,N1-L09-036-DF-CORR ACESSO GATE 18-1P-PE
M9-037,9,UNUSED
M9-038,9,N1-L09-038-AM-CORR ACESSO GATE 18-1P-PE
M9-039,9,N1-L09-039-DF-CORR ACESSO GATE 18-1P-PE
M9-040,9,UNUSED
M9-041,9,N1-L09-041-DF-WC 11-1P-PE
M9-042,9,N1-L09-042-AM-WC 11-1P-PE
M9-043,9,UNUSED
M9-044,9,N1-L09-044-DF-CORR ACESSO GATE 18-1P-PE
M9-045,9,UNUSED
M9-046,9,N1-L09-046-DF-CORR ACESSO GATE 18-1P-PE
M9-047,9,N1-L09-047-DF-SALA TECNICA IT 109-1P-PE
M9-048,9,N1-L09-048-DF-SALA TECNICA EL 107-1P-PE
M9-049,9,N1-L09-049-DF- AREA DESCANSO-1P-PE
M9-050,9,N1-L09-050-DF- AREA DESCANSO-1P-PE
M9-051,9,N1-L09-051-DF- AREA DESCANSO-1P-PE
M9-052,9,UNUSED
M9-053,9,UNUSED
M9-054,9,N1-L09-054-DF-ESCA ROLAN DESEM -1P-PE
M9-055,9,UNUSED
M9-056,9,N1-L09-056-MZ-LOJA FAS 101-1P-PE
M9-057,9,UNUSED
M9-058,9,UNUSED
M9-059,9,UNUSED
M9-060,9,N1-L09-060-DF-X-1P-PE
M9-061,9,N1-L09-061-DF-X-1P-PE
M9-062,9,N1-L09-062-MR-ELEVADOR DESEM BAGAG-1P-PE
M9-063,9,N1-L09-063-DF-ESCA ROLAN DESEM -1P-PE
M9-064,9,N1-L09-064-DF-ESCA ROLAN DESEM -1P-PE
M9-065,9,N1-L09-065-MZ-LOJA FAS 106-1P-PE
M9-066,9,UNUSED
M9-067,9,UNUSED
M9-068,9,UNUSED
M9-069,9,N1-L09-069-DF-CORREDOR GATE 17-1P-PE
M9-070,9,N1-L09-070-DF-CORREDOR GATE 17-1P-PE
M9-071,9,N1-L09-071-DF-CORREDOR GATE 17-1P-PE
M9-072,9,N1-L09-072-AM-CORREDOR GATE 17-1P-PE
M9-073,9,N1-L09-073-DF-PROXIMO GATE 17-1P-PE
M9-074,9,N1-L09-074-DF-PROXIMO GATE 17-1P-PE
M9-075,9,N1-L09-075-AM-PROXIMO GATE 17-1P-PE
M9-076,9,N1-L09-076-DF-PROXIMO GATE 17-1P-PE
M9-077,9,N1-L09-077-MR-PORTA PROXIMO GATE 1-1P-PE
M9-078,9,N1-L09-078-DF-PROXIMO GATE 17-1P-PE
M9-079,9,N1-L09-079-DF-LADO WC 104-1P-PE
M9-080,9,N1-L09-080-AM-ATRAS WC 104-1P-PE
M9-081,9,N1-L09-081-CF-ATRAS WC 104-1P-PE
M9-082,9,N1-L09-082-DF-ATRAS WC 104-1P-PE
M9-083,9,N1-L09-083-DF-WC MASCULINO 104-1P-PE
M9-084,9,N1-L09-084-DF-WC MASCULINO 104-1P-PE
M9-085,9,N1-L09-085-DF-ENTRADA -WC 104-1P-P-1P-PE
M9-086,9,N1-L09-086-DF-WC FEMININO 104-1P-PE
M9-087,9,N1-L09-087-DF-WC FEMININO 104-1P-PE
M9-088,9,N1-L09-088-DF-WC FEMININO 104 -1P-PE
M9-089,9,N1-L09-089-DF-WC FEMININO 104 -1P-PE
M9-090,9,N1-L09-090-DF-WC FEMININO 104 PNE-1P-PE
M9-091,9,N1-L09-091-DF-WC MASC104 PNE-1P-PE
M9-092,9,N1-L09-092-DF-WC MASCULINO104-1P-PE
M9-093,9,N1-L09-093-DF-FRENTE WC 103 E 104-1P-PE
M9-094,9,N1-L09-094-DF-WC 103-1P-PE
M9-095,9,N1-L09-095-DF-WC 103-1P-PE
M9-096,9,N1-L09-096-DF-WC 103-1P-PE
M9-097,9,N1-L09-097-DF-WC 103-1P-PE
M9-098,9,N1-L09-098-DF-WC 103-1P-PE
M9-099,9,N1-L09-099-DF-WC 103-1P-PE
M9-100,9,N1-L09-100-AM-ATRAS WC 103-1P-PE-1P-PE
M9-101,9,N1-L09-101-DF-PROXIMO GATE 06-1P-PE
M9-102,9,N1-L09-102-MR-ATRAS WC 103-1P-PE
M9-103,9,N1-L09-103-DF-ATRAS WC 103-1P-PE
M9-104,9,N1-L09-104-DF-CORREDOR GATE 06-1P-PE
M9-105,9,N1-L09-105-DF-CORREDOR GATE 06-1P-PE
M9-106,9,N1-L09-106-DF-CORREDOR GATE 06-1P-PE
M9-107,9,N1-L09-107-DF-CORREDOR GATE 06-1P-PE
M9-108,9,N1-L09-108-AM-CORREDOR GATE 06-1P-PE
M9-109,9,N1-L09-109-DF-PROXIMO GATE 06-1P-PE
M9-110,9,N1-L09-110-DF-LADO WC 104-1P-PE
M9-111,9,N1-L09-111-DF-LADO WC 104-1P-PE
M9-112,9,N1-L09-112-DF-PROX GATE 17 ESC ROL-1P-PE
M9-113,9,N1-L09-113-DF-PROX GATE 06 ESC ROL-1P-PE
M9-114,9,N1-L09-114-DF-PROXIMO GATE 06-1P-PE
M9-115,9,N1-L09-115-DF-PROXIMO GATE 06-1P-PE
M9-116,9,N1-L09-116-DF-PROXIMO GATE 06-1P-PE
M9-117,9,N1-L09-117-MR-ELEV PROXIMO GATE 06-1P-PE
M9-118,9,N1-L09-118-DF-PROXIMO GATE 06-1P-PE
M9-119,9,N1-L09-119-AM-PROX GATE 06 ESC ROL-1P-PE
M9-120,9,N1-L09-120-DF-PROX GATE 06 ESC ROL-1P-PE
M9-121,9,N1-L09-121-MR-ELEV PROXIMO GATE 17-1P-PE
M9-122,9,N1-L09-122-DF-PROXIMO GATE 17-1P-PE
M9-123,9,N1-L09-123-DF-PROXIMO GATE 17-1P-PE
M9-124,9,N1-L09-124-DF-PROXIMO GATE 17-1P-PE
M9-125,9,N1-L09-125-DF-PROX GATE 06 ESC ROL-1P-PE
M9-126,9,N1-L09-126-DF-FRENTE LOJA FAS 101-1P-PE
M9-127,9,UNUSED
M9-128,9,N1-L09-128-DF-PROX AREA DESCANSO-1P-PE
M9-129,9,N1-L09-129-DF-PROX AREA DESCANSO-1P-PE
M9-130,9,N1-L09-130-DF-PROX AREA DESCANSO-1P-PE
M9-131,9,N1-L09-131-DF-PROX AREA DESCANSO-1P-PE
M9-132,9,N1-L09-132-MZ-LOJA RAS 103-1P-PE
M9-133,9,N1-L09-133-DF-PROX AREA DESCANSO-1P-PE
M9-134,9,N1-L09-134-DF-PROX AREA DESCANSO-1P-PE
M9-135,9,N1-L09-135-DF-PROX AREA DESCANSO-1P-PE
M9-136,9,N1-L09-136-DF-PROX AREA DESCANSO-1P-PE
M9-137,9,N1-L09-137-DF-FRENTE LOJA FAS 107-1P-PE
M9-138,9,N1-L09-138-MZ-LOJA FAS 107-1P-PE
M9-139,9,N1-L09-139-DF-FRENTE LOJA FAS 106-1P-PE
M9-140,9,N1-L09-140-DF-FRENTE LOJA FAS 106-1P-PE
M9-141,9,N1-L09-141-DF-ESCA ROLAN DESEM -1P-PE
M9-142,9,N1-L09-142-DF-ESCA ROLAN DESEM -1P-PE
M9-143,9,N1-L09-143-DF-ESCA ROLAN DESEM -1P-PE
M9-144,9,N1-L09-144-AM-ESCA ROLAN DESEM -1P-PE
M9-145,9,N1-L09-145-DF-X-1P-PE
M9-146,9,N1-L09-146-DF-FRENTE LOJA RAS 103-1P-PE
M9-147,9,N1-L09-147-DF-FRENTE LOJA RAS 103-1P-PE
M9-148,9,N1-L09-148-DF-FRENTE LOJA RAS 103-1P-PE
M9-149,9,N1-L09-149-DF-PROX AREA DESCANSO-1P-PE
M9-150,9,N1-L09-150-DF-PROX AREA DESCANSO-1P-PE
M9-151,9,N1-L09-151-DF-PROX AREA DESCANSO-1P-PE
M9-152,9,N1-L09-152-DF-PROX AREA DESCANSO-1P-PE
M9-153,9,UNUSED
M9-154,9,UNUSED
M9-155,9,UNUSED
M9-156,9,N1-L09-156-DF- AREA DESCANSO-1P-PE
M9-157,9,N1-L09-157-DF- AREA DESCANSO-1P-PE
M9-158,9,N1-L09-158-DF- AREA DESCANSO-1P-PE
M9-159,9,N1-L09-159-DF-WC 11-1P-PE
M9-160,9,N1-L09-160-DF-WC 11-1P-PE
M9-161,9,N1-L09-161-DF-WC 11-1P-PE
M9-162,9,N1-L09-162-DF-WC 11-1P-PE
M9-163,9,N1-L09-163-DF-WC 11-1P-PE
M9-164,9,N1-L09-164-DF-WC 106-1P-PE
M9-165,9,UNUSED
M9-166,9,N1-L09-166-MR-INICIO CONECTOR -1P-PE
M9-167,9,UNUSED
M9-168,9,N1-L09-168-MI-ATRAS WC 104-1P-PE
M9-169,9,UNUSED
M9-170,9,N1-L09-170-MI-PROX GATE 06 ESC ROL-1P-PE
M9-171,9,N1-L09-171-MI-FRENTE LOJA FAS 106-1P-PE
M9-172,9,UNUSED
M9-173,9,N1-L09-173-DF-WC 106-1P-PE
M9-174,9,N1-L09-174-DF-WC 106-1P-PE
M9-175,9,N1-L09-175-DF-WC 106-1P-PE
M9-176,9,N1-L09-176-DF-WC 106-1P-PE
M9-177,9,N1-L09-177-DF-WC 107-1P-PE
M9-178,9,N1-L09-178-DF-WC 107-1P-PE
M9-179,9,N1-L09-179-DF-WC 107-1P-PE
M9-180,9,N1-L09-180-DF-WC 107-1P-PE
M9-181,9,UNUSED
M9-182,9,N1-L09-182-DF-WC 107-1P-PE
M9-183,9,N1-L09-183-DF-WC 107-1P-PE
M9-184,9,N1-L09-184-DF-WC 107-1P-PE
M9-185,9,N1-L09-185-DF-WC 107-1P-PE
M9-186,9,N1-L09-186-DF-WC 107-1P-PE
M9-187,9,N1-L09-187-DF-WC 107-1P-PE
M9-188,9,N1-L09-188-DF-LADO LOJA RAS 104-1P-PE
M9-189,9,N1-L09-189-DF-LADO LOJA RAS 104-1P-PE
M9-190,9,N1-L09-190-MZ-LOJA RAS 102-1P-PE
M9-191,9,N1-L09-191-MZ-LOJA RAS 102-1P-PE
M9-192,9,N1-L09-192-MZ-LOJA RAS 102-1P-PE
M9-193,9,N1-L09-193-DF-WC 103-1P-PE
M9-194,9,N1-L09-194-DF-WC 103-1P-PE
M9-195,9,N1-L09-195-DF-WC 103-1P-PE
M9-196,9,N1-L09-196-DF-WC 103-1P-PE
M9-197,9,N1-L09-197-DF-WC 103-1P-PE
M9-198,9,N1-L09-198-DF-WC 103-1P-PE
M9-199,9,N1-L09-199-DF-WC 103-1P-PE
M9-200,9,N1-L09-200-DF-WC MASC104 PNE-1P-PE
M9-201,9,N1-L09-201-DF-DF-WC MASCULINO 104-1P-PE
M9-202,9,N1-L09-202-DF-WC FEMININO 104 PNE-1P-PE
M9-203,9,N1-L09-203-DF-WC FEMININO 104 PNE-1P-PE
M9-204,9,N1-L09-204-DF-PROX AREA DESCANSO-1P-PE
M9-205,9,N1-L09-205-DF-LADO WC 104-1P-PE
M9-206,9,UNUSED
M9-207,9,N1-L09-207-DF-PROX GATE 17 ESC ROL-1P-PE
M9-208,9,N1-L09-208-DF-PROXIMO GATE 17-1P-PE
M9-209,9,N1-L09-209-MZ-LOJA-1P-PE
M9-210,9,N1-L09-210-MZ-LOJA-1P-PE
M9-211,9,UNUSED
M9-212,9,UNUSED
M9-213,9,UNUSED
M9-214,9,UNUSED
M9-215,9,UNUSED
M9-216,9,UNUSED
M9-217,9,UNUSED
M9-218,9,UNUSED
M9-219,9,UNUSED
M9-220,9,UNUSED
M9-221,9,UNUSED
M9-222,9,UNUSED
M9-223,9,UNUSED
M9-224,9,UNUSED
M9-225,9,UNUSED
M9-226,9,UNUSED
M9-227,9,UNUSED
M9-228,9,UNUSED
M9-229,9,UNUSED
M9-230,9,UNUSED
M9-231,9,UNUSED
M9-232,9,UNUSED
M9-233,9,UNUSED
M9-234,9,UNUSED
M9-235,9,UNUSED
M9-236,9,UNUSED
M9-237,9,UNUSED
M9-238,9,UNUSED
M9-239,9,UNUSED
M9-240,9,UNUSED
M9-241,9,UNUSED
M9-242,9,UNUSED
M9-243,9,UNUSED
M9-244,9,UNUSED
M9-245,9,UNUSED
M9-246,9,UNUSED
M9-247,9,UNUSED
M9-248,9,UNUSED
M9-249,9,UNUSED
M9-250,9,UNUSED
M10-001,10,N1-L10-01-DF-EMB DOMES PROX GATE 6-1P-PE
M10-002,10,N1-L10-02-DF-EMB DOMES PROX GATE 6-1P-PE
M10-003,10,N1-L10-03-DF-EMB DOMES PROX GATE 6-1P-PE
M10-004,10,N1-L10-04-MR-EMB DOMES PROX GATE 6-1P-PE
M10-005,10,N1-L10-05-AM-EMB DOMES PROX GATE 6-1P-PE
M10-006,10,N1-L10-06-DF-EMB DOMES PROX GATE 6-1P-PE
M10-007,10,N1-L10-07-DF-EMB DOMES PROX GATE 6-1P-PE
M10-008,10,N1-L10-8-DF-EMB DOMES PROX GATE 16-1P-PE
M10-009,10,N1-L10-009-DF-EMB DOME PROX GATE16-1P-PE
M10-010,10,N1-L10-010-DF-EMB DOME PROX GATE16-1P-PE
M10-011,10,N1-L10-011-DF-EMB DOME PROX LJ 106-1P-PE
M10-012,10,UNUSED
M10-013,10,N1-L10-013-MZ-LOJA RAS 106 1P-PE
M10-014,10,N1-L10-014-DF-EMB DOME PROX LJ 106-1P-PE
M10-015,10,N1-L10-015-DF-EMB DOME PROX LJ 106-1P-PE
M10-016,10,N1-L10-016-DF-EMB DOME PROX GATE15-1P-PE
M10-017,10,N1-L10-017-DF-EMB DOME PROX GATE15-1P-PE
M10-018,10,N1-L10-018-DF-EMB DOME PROX GATE15-1P-PE
M10-019,10,N1-L10-019-DF-EMB DOME PROX GATE15-1P-PE
M10-020,10,N1-L10-020-DF-EMB DOME PROX GATE07-1P-PE
M10-021,10,N1-L10-021-AM-EMB DOME PROX GATE07-1P-PE
M10-022,10,N1-L10-022-DF-EMB DOME PROX GATE07-1P-PE
M10-023,10,N1-L10-023-DF-EMB DOME PROX GATE07-1P-PE
M10-024,10,N1-L10-024-DF-EMB DOME PROX GATE07-1P-PE
M10-025,10,N1-L10-025-AM-CORREDOR GATE 07-1P-PE
M10-026,10,N1-L10-026-DF-CORREDOR GATE 07-1P-PE
M10-027,10,N1-L10-027-DF-CORREDOR GATE 07-1P-PE
M10-028,10,N1-L10-028-DF-CORREDOR GATE 07-1P-PE
M10-029,10,N1-L10-029-DF-EMB DOME PROX GATE07-1P-PE
M10-030,10,N1-L10-030-DF-EMB DOME PROX GATE07-1P-PE
M10-031,10,N1-L10-031-DF-EMB DOME PROX GATE07-1P-PE
M10-032,10,N1-L10-032-DF-EMB DOME PROX GATE15-1P-PE
M10-033,10,N1-L10-033-MZ-LOJA RAS 109-1P-PE
M10-034,10,N1-L10-034-DF-EMB DOME PROX GATE07-1P-PE
M10-035,10,N1-L10-035-MR-PROXIMO GATE 07-1P-PE
M10-036,10,N1-L10-036-DF-EMB DOME PROX GATE07-1P-PE
M10-037,10,N1-L10-037-MZ-LOJA RAS 108-1P-PE
M10-038,10,N1-L10-038-DF-EMB DOME PROX GATE07-1P-PE
M10-039,10,N1-L10-039-AM-ATRAS WC FEM 101 PNE-1P-PE
M10-040,10,N1-L10-040-DF-WC FEMININO 101 -1P-PE
M10-041,10,N1-L10-041-DF-WC FEMININO 101 PNE-1P-PE
M10-042,10,N1-L10-042-DF-WC MASCULINO 101 PNE-1P-PE
M10-043,10,N1-L10-043-DF-WC MASCULINO101-1P-PE
M10-044,10,N1-L10-044-DF-FRENTE WC 101-1P-PE
M10-045,10,N1-L10-045-DF-X-1P-PE
M10-046,10,N1-L09-046-DF-WC FEMININO 102  -1P-PE
M10-047,10,N1-L10-047-DF-WC MASCULINO 102 -1P-PE
M10-048,10,N1-L10-048-DF-WC FEMININO 102  -1P-PE
M10-049,10,N1-L10-049-DF-WC FEMININO 102 PNE -1P-PE
M10-050,10,N1-L10-050-DF-WC MASCULINO 102 PNE-1P-PE
M10-051,10,N1-L10-051-MM-EMB DOME RITAZZA 1P-PE
M10-052,10,N1-L10-052-MM-EMB DOME DUFRY 1P-PE
M10-053,10,N1-L10-053-DF-EMB DOME PROX GATE07-1P-PE
M10-054,10,N1-L10-054-MR-EMB DOME PROX GATE07-1P-PE
M10-055,10,N1-L10-055-DF-EMB DOME PROX GATE07-1P-PE
M10-056,10,N1-L10-056-MZ-X-1P-PE
M10-057,10,N1-L10-057-DF-EMB DOME PROX GATE07-1P-PE
M10-058,10,N1-L10-058-DF-EMB DOME PROX GATE07-1P-PE
M10-059,10,N1-L10-059-AM-FRENTE LOJA FAS 109-1P-PE
M10-060,10,N1-L10-060-DF-FRENTE LOJA FAS 109-1P-PE
M10-061,10,N1-L10-061-DF-FRENTE LOJA FAS 111-1P-PE
M10-062,10,UNUSED
M10-063,10,N1-L10-063-DF-X-1P-PE
M10-064,10,N1-L10-064-DF-EMB DOM PROX GATE 08-1P-PE
M10-065,10,N1-L10-065-DF-EMB DOM PROX GATE 08-1P-PE
M10-066,10,N1-L10-066-DF-EMB DOME PROX GATE14-1P-PE
M10-067,10,N1-L10-067-DF-EMB DOM PROX GATE 08-1P-PE
M10-068,10,N1-L10-068-AM-EMB DOM PROX GATE 08-1P-PE
M10-069,10,N1-L10-069-MZ-LOJA FAS 110-1P-PE
M10-070,10,N1-L10-070-DF-EMB DOM PROX GATE 08-1P-PE
M10-071,10,N1-L10-071-AM-CORREDOR GATE 08-1P-PE
M10-072,10,N1-L10-072-DF-CORREDOR GATE 08-1P-PE
M10-073,10,N1-L10-073-DF-CORREDOR GATE 08-1P-PE
M10-074,10,N1-L10-074-DF-CORREDOR GATE 08-1P-PE
M10-075,10,N1-L10-075-DF-EMB DOM PROX GATE 08-1P-PE
M10-076,10,N1-L10-076-DF-EMB DOM PROX GATE 08-1P-PE
M10-077,10,N1-L10-077-DF-EMB DOM PROX GATE 08-1P-PE
M10-078,10,N1-L10-078-DF-EMB DOME PROX GATE14-1P-PE
M10-079,10,N1-L10-079-DF-EMB DOME PROX GATE13-1P-PE
M10-080,10,N1-L10-080-DF-EMB DOME PROX GATE13-1P-PE
M10-081,10,N1-L10-081-DF-EMB DOME PROX GATE09-1P-PE
M10-082,10,N1-L10-082-DF-EMB DOME PROX GATE09-1P-PE
M10-083,10,N1-L10-083-DF-CORREDOR  GATE 09-1P-PE
M10-084,10,N1-L10-084-AM-CORREDOR  GATE 09-1P-PE
M10-085,10,N1-L10-085-DF-CORREDOR  GATE 09-1P-PE
M10-086,10,N1-L10-086-DF-CORREDOR  GATE 09-1P-PE
M10-087,10,N1-L10-087-DF-FRENTE GATE 09-1P-PE
M10-088,10,N1-L10-088-DF-FRENTE GATE 10-1P-PE
M10-089,10,N1-L10-089-DF-FRENTE GATE 11-1P-PE
M10-090,10,N1-L10-090-DF-CORREDOR  GATE 10-1P-PE
M10-091,10,N1-L10-091-DF-CORREDOR  GATE 10-1P-PE
M10-092,10,N1-L10-092-DF-CORREDOR  GATE 10-1P-PE
M10-093,10,N1-L10-093-DF-CORREDOR  GATE 10-1P-PE
M10-094,10,N1-L10-094-DF-FRENTE GATE 10-1P-PE
M10-095,10,UNUSED
M10-096,10,N1-L10-096-AM-FRENTE GATE 11-1P-PE
M10-097,10,N1-L10-097-DF-FRENTE GATE 11-1P-PE
M10-098,10,N1-L10-098-AM-CORREDOR GATE 11-1P-PE
M10-099,10,N1-L10-099-DF-CORREDOR GATE 11-1P-PE
M10-100,10,N1-L10-100-DF-CORREDOR GATE 11-1P-PE
M10-101,10,N1-L10-101-DF-CORREDOR GATE 11-1P-PE
M10-102,10,N1-L10-102-DF-FRENTE GATE 11-1P-PE
M10-103,10,N1-L10-103-DF-EMB DOME PROX GATE13-1P-PE
M10-104,10,N1-L10-104-DF-EMB DOME PROX GATE13-1P-PE
M10-105,10,N1-L10-105-DF-CORREDOR  GATE 12-1P-PE
M10-106,10,N1-L10-106-DF-CORREDOR  GATE 12-1P-PE
M10-107,10,N1-L10-107-DF-CORREDOR  GATE 12-1P-PE
M10-108,10,N1-L10-108-AM-CORREDOR  GATE 12-1P-PE
M10-109,10,N1-L10-109-AM-CORREDOR  GATE 13-1P-PE
M10-110,10,N1-L10-110-DF-CORREDOR  GATE 13-1P-PE
M10-111,10,N1-L10-111-DF-CORREDOR  GATE 13-1P-PE
M10-112,10,N1-L10-112-DF-CORREDOR  GATE 13-1P-PE
M10-113,10,N1-L10-113-DF-EMB DOME PROX GATE13-1P-PE
M10-114,10,UNUSED
M10-115,10,N1-L10-115-DF-EMB DOME PROX GATE14-1P-PE
M10-116,10,N1-L10-116-DF-EMB DOME PROX GATE14-1P-PE
M10-117,10,N1-L10-117-DF-EMB DOME PROX GATE14-1P-PE
M10-118,10,N1-L10-118-DF-CORREDOR  GATE 14-1P-PE
M10-119,10,N1-L10-119-DF-CORREDOR  GATE 14-1P-PE
M10-120,10,N1-L10-120-DF-CORREDOR  GATE 14-1P-PE
M10-121,10,N1-L10-121-DF-CORREDOR  GATE 14-1P-PE
M10-122,10,N1-L10-122-AM-CORREDOR  GATE 14-1P-PE
M10-123,10,N1-L10-123-DF-EMB DOME PROX GATE14-1P-PE
M10-124,10,N1-L10-124-DF-EMB DOME PROX GATE14-1P-PE
M10-125,10,N1-L10-125-DF-FRENTE LOJA FAS 109-1P-PE
M10-126,10,N1-L10-126-DF-EMB DOME PROX GATE11-1P-PE
M10-127,10,N1-L10-127-MZ-LOJA FAS 109-1P-PE
M10-128,10,N1-L10-128-DF-EMB DOME PROX GATE15-1P-PE
M10-129,10,UNUSED
M10-130,10,N1-L10-130-AM-ATRAS WC 102-1P-PE
M10-131,10,N1-L10-131-DF-EMB DOME PROX GATE15-1P-PE
M10-132,10,N1-L10-132-DF-EMB DOME PROX GATE15-1P-PE
M10-133,10,N1-L10-133-DF-EMB DOME PROX GATE15-1P-PE
M10-134,10,N1-L10-134-AM-CORREDOR  GATE 15-1P-PE
M10-135,10,N1-L10-135-DF-CORREDOR  GATE 15-1P-PE
M10-136,10,N1-L10-136-DF-CORREDOR  GATE 15-1P-PE
M10-137,10,N1-L10-137-DF-CORREDOR  GATE 15-1P-PE
M10-138,10,N1-L10-138-DF-CORREDOR  GATE 15-1P-PE
M10-139,10,N1-L10-139-DF-EMB DOME PROX GATE15-1P-PE
M10-140,10,N1-L10-140-DF-EMB DOME PROX GATE16-1P-PE
M10-141,10,N1-L10-141-AM-CORREDOR  GATE 16-1P-PE
M10-142,10,N1-L10-142-DF-CORREDOR  GATE 16-1P-PE
M10-143,10,N1-L10-143-DF-CORREDOR  GATE 16-1P-PE
M10-144,10,N1-L10-144-DF-CORREDOR  GATE 16-1P-PE
M10-145,10,N1-L10-145-AM-EMB DOME PROX GATE16-1P-PE
M10-146,10,N1-L10-146-DF-EMB DOME PROX GATE16-1P-PE
M10-147,10,N1-L10-147-MR-EMB DOME PROX GATE16-1P-PE
M10-148,10,N1-L10-148-DF-EMB DOME PROX GATE16-1P-PE
M10-149,10,N1-L10-149-DF-EMB DOME PROX GATE16-1P-PE
M10-150,10,N1-L10-150-DF-EMB DOME PROX GATE 6-1P-PE
M10-151,10,UNUSED
M10-152,10,UNUSED
M10-153,10,N1-L10-153-MI-ATRAS WC FEM 101 PNE-1P-PE
M10-154,10,UNUSED
M10-155,10,UNUSED
M10-156,10,UNUSED
M10-157,10,UNUSED
M10-158,10,N1-L10-158-DF-FRENTE GATE 16-1P-PE
M10-159,10,N1-L10-159-MZ-LOJA 106-1P-PE
M10-160,10,N1-L10-160-DF-FRENTE GATE 10-1P-PE
M10-161,10,N1-L10-161-DF-FRENTE GATE 10-1P-PE
M10-162,10,UNUSED
M10-163,10,N1-L10-163-DF-EMB DOME PROX GATE13-1P-PE
M10-164,10,N1-L10-164-DF-EMB DOME PROX GATE09-1P-PE
M10-165,10,N1-L10-165-DF-EMB DOME PROX GATE13-1P-PE
M10-166,10,N1-L10-166-DF-EMB DOM PROX GATE 08-1P-PE
M10-167,10,UNUSED
M10-168,10,N1-L10-168-DF-EMB DOME PROX GATE14-1P-PE
M10-169,10,N1-L10-169-DF-EMB DOME PROX GATE14-1P-PE
M10-170,10,N1-L10-170-DF-EMB DOME PROX GATE08-1P-PE
M10-171,10,N1-L10-171-DF-EMB DOM PROX GATE 08-1P-PE
M10-172,10,UNUSED
M10-173,10,N1-L10-173-DF-EMB DOM PROX GATE 08-1P-PE
M10-174,10,N1-L10-174-DF-EMB DOME PROX GATE14-1P-PE
M10-175,10,N1-L10-175-DF-EMB DOME PROX GATE14-1P-PE
M10-176,10,UNUSED
M10-177,10,N1-L10-177-DF-FRENTE LOJA FAS 109-1P-PE
M10-178,10,N1-L10-178-MZ-LOJA 111-1P-PE
M10-179,10,N1-L10-179-DF-EMB DOME PROX GATE07-1P-PE
M10-180,10,N1-L10-180-DF-WC MASCULINO 102  -1P-PE
M10-181,10,N1-L10-181-DF-WC FEMININO 102  -1P-PE
M10-182,10,N1-L10-182-DF-WC MASCULINO 102 PNE-1P-PE
M10-183,10,N1-L10-183-DF-WC FEMININO 102 PNE -1P-PE
M10-184,10,N1-L10-184-DF-WC FEMININO 102  -1P-PE
M10-185,10,N1-L10-185-DF-WC FEMININO 102  -1P-PE
M10-186,10,N1-L10-186-DF-WC MASCULINO 102  -1P-PE
M10-187,10,N1-L10-187-DF-WC MASCULINO 102  -1P-PE
M10-188,10,N1-L10-188-DF-WC FEMININO 102  -1P-PE
M10-189,10,UNUSED
M10-190,10,N1-L10-190-DF-WC FEMININO 101 -1P-PE
M10-191,10,N1-L10-191-DF-WC FEMININO 101 -1P-PE
M10-192,10,N1-L10-192-DF-WC FEMININO 101 PNE-1P-PE
M10-193,10,N1-L10-193-DF-WC MASCULINO 101 PNE-1P-PE
M10-194,10,N1-L10-194-DF-WC MASCULINO101-1P-PE
M10-195,10,UNUSED
M10-196,10,N1-L10-196-DF-WC MASCULINO101-1P-PE
M10-197,10,N1-L10-197-DF-EMB DOME PROX LJ 106-1P-PE
M10-198,10,N1-L10-198-DF-EMB DOME PROX GATE16-1P-PE
M10-199,10,N1-L10-199-DF-EMB DOME PROX GATE16-1P-PE
M10-200,10,N1-L10-200-DF-EMB DOME PROX GATE16-1P-PE
M10-201,10,N1-L10-201-DF-EMB DOME PROX GATE16-1P-PE
M10-202,10,N1-L10-202-DF-EMB DOME PROX GATE16-1P-PE
M10-203,10,N1-L10-203-DF-EMB DOME PROX GATE15-1P-PE
M10-204,10,UNUSED
M10-205,10,UNUSED
M10-206,10,UNUSED
M10-207,10,UNUSED
M10-208,10,UNUSED
M10-209,10,N1-L10-209-DF-EMB DOME PROX GATE16-1P-PE
M10-210,10,UNUSED
M10-211,10,N1-L10-211-DF-EMB DOME PROX LJ 106-1P-PE
M10-212,10,N1-L10-212-DF-EMB DOME PROX LJ 106-1P-PE
M10-213,10,UNUSED
M10-214,10,UNUSED
M10-215,10,UNUSED
M10-216,10,UNUSED
M10-217,10,UNUSED
M10-218,10,UNUSED
M10-219,10,UNUSED
M10-220,10,UNUSED
M10-221,10,UNUSED
M10-222,10,UNUSED
M10-223,10,UNUSED
M10-224,10,UNUSED
M10-225,10,UNUSED
M10-226,10,UNUSED
M10-227,10,UNUSED
M10-228,10,UNUSED
M10-229,10,UNUSED
M10-230,10,UNUSED
M10-231,10,UNUSED
M10-232,10,UNUSED
M10-233,10,UNUSED
M10-234,10,UNUSED
M10-235,10,UNUSED
M10-236,10,UNUSED
M10-237,10,UNUSED
M10-238,10,UNUSED
M10-239,10,UNUSED
M10-240,10,UNUSED
M10-241,10,UNUSED
M10-242,10,UNUSED
M10-243,10,N1-L10-243-DF-EMB DOME PROX GATE07-1P-PE
M10-244,10,N1-L10-244-DF-EMB DOME PROX GATE15-1P-PE
M10-245,10,N1-L10-245-DF-CORREDOR  GATE 16-1P-PE
M10-246,10,N1-L10-246-DF-EMB DOME PROX GATE07-1P-PE
M10-247,10,N1-L10-247-DF-EMB DOME PROX GATE15-1P-PE
M10-248,10,N1-L10-248-DF-EMB DOME PROX GATE07-1P-PE
M10-249,10,N1-L10-249-DF-FRENTE WC 102-1P-PE
M10-250,10,N1-L10-250-DF-WC MASCULINO101-1P-PE